0, 1, 2, 3, 4, 5, 6, 7
1, 75.90146222587545, -2.2103378638293645, 0.11644843219801597, 1.8193253896023598, -0.11769075550525088, 1.8193253896023602, 0.11644843219801633, -2.210337863829364
2, 77.37751707511194, -1.0276902214847032, -3.024695662811336, -3.2648381425631454, -1.3583640937312396, -3.2648381425631454, -3.024695662811336, -1.027690221484703
3, 79.3695591898542, 0.6894960531944396, -1.5925032814345066, -0.08678834641650862, -0.633678021011022, -0.08678834641650884, -1.5925032814345066, 0.6894960531944396
4, 79.92036887222761, 0.40022403792218675, 1.0326535480690744, 1.006052022829599, 0.0828683386376099, 1.006052022829599, 1.0326535480690744, 0.40022403792218697
5, 79.87034101455885, -0.7096785105563808, 1.041693599061098, -1.851418713689596, -0.03284048096885073, -1.8514187136895959, 1.041693599061098, -0.7096785105563806
6, 81.04479747868416, -0.523367024815625, -0.9826256904003189, 0.8318111593789522, -1.1416159831564556, 0.8318111593789523, -0.9826256904003187, -0.5233670248156249
7, 80.2802842635763, -1.745523176871536, -2.2161500631864044, 0.041196105346784195, 1.906129198264317, 0.041196105346784306, -2.2161500631864044, -1.7455231768715358
8, 80.47719008382181, -1.0414288694941116, 1.7471389055081803, -0.2647914759201665, -2.1030350185098285, -0.2647914759201666, 1.7471389055081799, -1.0414288694941116
9, 78.41587446520201, -1.3817557269512328, 2.0192442429408928, 1.5939400229465974, 4.16435063712963, 1.5939400229465968, 2.0192442429408928, -1.3817557269512335
10, 75.68501867080292, -0.7823598514893889, 0.31417671311162115, 2.002942147141781, -1.4334948427305392, 2.002942147141781, 0.31417671311162104, -0.7823598514893896
11, 78.15425301173008, 4.752199955526123, 0.7116115514581975, -3.441684524492395, -1.0357394981966266, -3.441684524492395, 0.711611551458198, 4.752199955526123
12, 81.52211429947705, 7.415188693437626, -2.7834110540387873, -1.9863371107837455, -2.3321217895503423, -1.9863371107837455, -2.7834110540387864, 7.415188693437626
13, 86.0907128537549, 5.597086192790953, -4.079472839205167, -0.3475588999881376, -2.236476764727506, -0.3475588999881367, -4.079472839205167, 5.597086192790956
14, 87.25532032355036, -3.244810204786433, -1.7851875002390647, -2.9142407727202913, 1.0718692949320356, -2.9142407727202913, -1.7851875002390651, -3.244810204786431
15, 87.27904137096553, -11.33377494803791, 2.9148653694096964, 3.2875369415102433, -1.0955903423472009, 3.2875369415102433, 2.9148653694096964, -11.33377494803791
16, 86.82163478342915, -13.13072438683474, 1.7614664528239066, -1.4353243043748414, 1.5529969298835908, -1.4353243043748423, 1.761466452823907, -13.13072438683474
17, 85.62501251489405, -7.624606696670524, -2.45745878187331, 0.0458644642767676, -0.3563746613484966, 0.045864464276766714, -2.45745878187331, -7.624606696670526
18, 80.98851565887959, 0.2660260893397197, -0.5648441842888157, 5.845582793336686, 4.992871517362957, 5.845582793336685, -0.5648441842888166, 0.26602608933971617
19, 81.67147357856058, 13.12024543244577, 7.09395563788777, -4.159194250845329, -5.675829437043944, -4.159194250845327, 7.09395563788777, 13.12024543244577
20, 77.79057688631583, 14.861636655037056, -0.11811373539216793, 2.0976565732427073, 9.556726129288691, 2.0976565732427064, -0.11811373539216755, 14.861636655037055
21, 72.34248256910064, 7.925794940166755, -3.213058945643016, 8.925941004255922, -4.108631812073504, 8.925941004255924, -3.213058945643017, 7.925794940166757
22, 70.20709935157696, 0.2852804056070619, 5.566208052607351, -7.76280512764543, 6.24401502959719, -7.7628051276454295, 5.566208052607351, 0.2852804056070628
23, 70.78480410907287, -4.9784653524051805, 5.348442163166698, 3.779207555294246, -6.821719787093098, 3.7792075552942452, 5.348442163166698, -4.9784653524051805
24, 71.5165216113754, -7.386195976487929, -6.143912810103259, 1.3230913826385304, 6.090002284790579, 1.3230913826385313, -6.143912810103259, -7.386195976487928
25, 74.64642733754282, -3.985733110744562, -6.080159665469221, -8.59523639863075, -9.219908010958008, -8.595236398630751, -6.080159665469221, -3.9857331107445626
26, 81.01601520717347, 3.123591205085432, 3.0140070839358266, 3.1985240019611187, 2.8503201413273587, 3.1985240019611187, 3.0140070839358266, 3.123591205085432
27, 77.94968589255888, -0.1346519650600247, -0.2894282041614247, -0.1295252424340933, 0.21600917328723312, -0.1295252424340933, -0.2894282041614247, -0.1346519650600247
28, 78.1622343236955, -0.09739408867164107, 0.05232223067877229, -0.09931276981382904, -0.42855760442385815, -0.09931276981382903, 0.05232223067877228, -0.09739408867164105
29, 78.27331432846499, -0.13708708254425836, 0.07687977302479963, -0.02111914734171487, 0.3174775996543673, -0.021119147341714856, 0.07687977302479966, -0.13708708254425833
30, 78.09161516464533, -0.33603703833091075, -0.16340223544826316, 0.1465804605135579, -0.13577843583470184, 0.14658046051355783, -0.16340223544826316, -0.3360370383309108
31, 78.39801674743057, 0.06021674625041286, 0.10481939079486578, -0.22113640102953785, -0.17062314695055392, -0.2211364010295378, 0.10481939079486581, 0.06021674625041286
32, 78.25897593380847, 0.016478092601069846, -0.1429993473369997, -0.04193124365458144, 0.30966396057267076, -0.04193124365458152, -0.1429993473369997, 0.01647809260106982
33, 78.27406071387958, 0.11279415969117132, 0.034221422827251054, 0.40881039783413275, -0.3247487406437912, 0.40881039783413275, 0.03422142282725104, 0.11279415969117135
34, 78.10542949206841, 0.00871187725708683, 0.12791456726587924, -0.4320584650102596, 0.4933799624549664, -0.43205846501025963, 0.12791456726587924, 0.008711877257086775
35, 78.11343879631653, 0.07382095043713499, 0.13440979898392413, 0.36518033158621654, -0.501389266703093, 0.36518033158621654, 0.13440979898392413, 0.07382095043713496
36, 78.1417107709523, 0.10766871277274069, -0.13592387151400231, -0.11238512186147358, 0.4731172920673288, -0.1123851218614735, -0.13592387151400231, 0.10766871277274072
37, 78.06906812706214, -0.001192477324480981, -0.16268177361968839, -0.18314963657847985, -0.40047464817717326, -0.18314963657847988, -0.16268177361968839, -0.0011924773244809672
38, 78.29237366407781, 0.12118837301259087, 0.20856651540415783, 0.2861396062443393, 0.17716911116150413, 0.2861396062443393, 0.20856651540415783, 0.12118837301259092
39, 78.1199624483167, -0.1726399587921455, -0.06062376339597719, -0.32290527250272744, -0.004757895400388179, -0.32290527250272744, -0.06062376339597719, -0.1726399587921455
40, 78.27747466035086, -0.08154897513380699, -0.03615529964304543, 0.23155067200285084, -0.15275431663377503, 0.23155067200285084, -0.03615529964304542, -0.08154897513380699
41, 78.48748136137367, 0.048297242513951094, -0.09688844863819314, -0.31056620264231793, -0.05725238438903091, -0.3105662026423178, -0.09688844863819311, 0.04829724251395115
42, 78.50497784559627, -0.04778322785981704, -0.1738514013797534, -0.014722319874891872, 0.03975590016643338, -0.014722319874891955, -0.1738514013797534, -0.04778322785981704
43, 78.83907235643059, 0.10287107853828927, 0.07939196441559913, 0.07764972868823587, -0.37385041100075256, 0.07764972868823596, 0.07939196441559916, 0.10287107853828929
44, 78.96493007915788, -0.05183475932453829, -0.16024310945456932, -0.5181803395900997, 0.2479926882734489, -0.5181803395900997, -0.16024310945456932, -0.05183475932453824
45, 79.09635239155529, -0.20910461260927737, -0.20524968714290281, 0.43638060429245257, -0.37941500067085343, 0.4363806042924526, -0.20524968714290281, -0.20910461260927732
46, 79.07049619458186, -0.39358922439529304, 0.028820797057164796, -0.21209424953864706, 0.4052711976442893, -0.21209424953864703, 0.028820797057164768, -0.393589224395293
47, 78.94975929224583, -0.4070322919422861, 0.2311058841163387, -0.02520396073884637, -0.284534295308255, -0.02520396073884648, 0.2311058841163387, -0.4070322919422862
48, 78.98971407353918, -0.03305216406390457, 0.0919161052788695, 0.34022263818372994, 0.24457951401490874, 0.34022263818373, 0.09191610527886952, -0.033052164063904654
49, 78.75624249177656, 0.15524535328529976, -0.271060665409685, -0.33080895102159963, -0.011107932252308217, -0.33080895102159963, -0.271060665409685, 0.15524535328529965
50, 78.90517043301611, 0.5913817870966083, 0.141555476483731, 0.2557754915094075, -0.13782000898722657, 0.2557754915094075, 0.141555476483731, 0.5913817870966083
51, 78.60604675686389, 0.3206544695069454, 0.12213272417015021, 0.0316722205874945, 0.4369436851394468, 0.031672220587494526, 0.12213272417015018, 0.3206544695069454
52, 78.42703362818192, 0.034634391455438306, 0.15756819966848568, 0.12513829794994094, -0.257930556457481, 0.1251382979499409, 0.15756819966848568, 0.03463439145543834
53, 78.51644705017523, -0.02943607768359119, 0.05688040451181563, -0.09285620705918207, 0.16851713446416738, -0.09285620705918202, 0.056880404511815655, -0.029436077683591133
54, 78.36546150436514, -0.2724396170354176, -0.24698162166179927, 0.023529690733831696, -0.01753158865408011, 0.023529690733831612, -0.24698162166179927, -0.2724396170354176
55, 78.48386529177269, -0.12114205685149754, 0.09410514129827165, 0.12684162412099637, -0.1008721987534642, 0.1268416241209964, 0.09410514129827162, -0.12114205685149755
56, 78.51238081736136, 0.0028786113675630387, 0.1285778342542585, -0.3414781447595659, 0.07235667316479066, -0.34147814475956595, 0.1285778342542585, 0.002878611367563011
57, 78.50515595925336, 0.09158875633835635, -0.12262066688694163, 0.33267462002459147, -0.06513181505678745, 0.3326746200245914, -0.1226206668869416, 0.09158875633835631
58, 78.41431157323447, 0.06963562672834224, -0.12135297614625527, -0.05753327524184142, 0.15597620107567423, -0.05753327524184136, -0.1213529761462553, 0.06963562672834224
59, 78.4030233113418, 0.08975327089198398, 0.2134650529058284, -0.1524838893388263, -0.14468793918300094, -0.15248388933882634, 0.2134650529058284, 0.08975327089198398
60, 78.36743088441938, 0.04341528169139408, 0.13264123803892858, 0.3096339679166117, 0.1802803661054213, 0.3096339679166117, 0.13264123803892858, 0.04341528169139408
61, 78.18819861623487, -0.11949871602806296, -0.17787262598341158, -0.12307588829710767, -0.0010480979209077645, -0.12307588829710768, -0.17787262598341158, -0.11949871602806297
62, 78.3381632346559, 0.07286128022362293, 0.046591030145584966, -0.06238710792477363, -0.14891652050011572, -0.062387107924773644, 0.046591030145584966, 0.07286128022362291
63, 78.27632916824835, 0.02885222060604041, 0.02790800756238454, 0.10506325168563915, 0.21075058690765047, 0.10506325168563914, 0.02790800756238454, 0.028852220606040403
64, 78.23580306656903, 0.00111970655705744, 0.015243036261953335, 0.004295580203963874, -0.17022448522833145, 0.004295580203963888, 0.015243036261953335, 0.00111970655705744
65, 78.20249690691709, -0.01029362607302374, 0.012618094116934488, -0.0470610064438597, 0.20353064488027428, -0.0470610064438597, 0.012618094116934485, -0.010293626073023743
66, 78.19045932118071, 0.009117208993106342, 0.0180631233899895, 0.10407675152312099, -0.19149305914389458, 0.10407675152312099, 0.0180631233899895, 0.009117208993106335
67, 78.16477836727303, 0.017065715762985604, -5.805083805512363E-4, -0.06992898469603065, 0.2171740130515758, -0.06992898469603065, -5.805083805512372E-4, 0.017065715762985597
68, 78.25096125385338, 0.10163881512138467, 0.00761783051769171, -0.04044178257852388, -0.3033568996319218, -0.04044178257852388, 0.00761783051769172, 0.10163881512138467
69, 78.31212299146979, 0.08373826788258473, -0.08560237819979122, -0.002308463892938359, 0.24219516201550562, -0.002308463892938359, -0.08560237819979122, 0.08373826788258476
70, 78.30846242362685, -0.04696517095335189, -0.0687795681341079, -0.014866881747513012, -0.23853459417256317, -0.014866881747513015, -0.0687795681341079, -0.04696517095335187
71, 78.33482223950298, -0.12785727720419632, 0.08926294604272655, 0.008354772976556457, 0.21217477829642206, 0.008354772976556457, 0.08926294604272655, -0.12785727720419632
72, 78.76583989555189, 0.1445633670102466, 0.042419752257963204, -0.3280838747859363, -0.6431924343453304, -0.32808387478593626, 0.042419752257963274, 0.1445633670102467
73, 78.88607381843866, -0.013698682394609616, -0.5202806020916313, -0.060409985909159, 0.5229585114585689, -0.06040998590915904, -0.5202806020916313, -0.013698682394609571
74, 78.72701859476857, -0.3966391795663623, -0.16265367514472115, 0.40575160051493786, -0.3639032877884816, 0.40575160051493786, -0.1626536751447212, -0.3966391795663623
75, 78.82497982654044, -0.318909549767318, 0.6793358257617186, -0.4236232581028481, 0.2659420560166197, -0.42362325810284807, 0.6793358257617186, -0.31890954976731795
76, 78.81392783677276, -0.16014319956707074, 0.06469244337285214, 0.1031958615692446, -0.2548900662489473, 0.10319586156924448, 0.06469244337285222, -0.16014319956707085
77, 78.75911576766183, 0.06472686902621064, -0.6682838359940462, 0.32749224661772547, 0.3097021353598777, 0.32749224661772547, -0.6682838359940462, 0.06472686902621058
78, 78.66704222510381, 0.24138705839417662, -0.009880374261918188, -0.4464219428864901, -0.21762859280186575, -0.4464219428864902, -0.009880374261918281, 0.24138705839417657
79, 78.78246931029659, 0.45033879996660664, 0.7603573785520616, 0.31429798743890425, 0.10220150760908808, 0.31429798743890425, 0.7603573785520616, 0.45033879996660664
80, 78.38014436902591, -0.004425599224338689, -0.10554671093085946, 0.1709970754440328, 0.30012343366160366, 0.17099707544403284, -0.1055467109308594, -0.004425599224338675
81, 78.33796866905593, -0.08409532459065902, -0.3580324372813699, -0.12397670593724255, -0.2579477336916298, -0.12397670593724255, -0.3580324372813699, -0.08409532459065902
82, 78.49345045962369, 0.037614779087514386, 0.14772241090083327, -0.06343406498075263, 0.10246594312388169, -0.06343406498075262, 0.14772241090083327, 0.0376147790875144
83, 78.43713776534189, -0.05801022323939668, 0.20255064671362177, 0.09802331837526929, -0.0461532488420886, 0.09802331837526927, 0.20255064671362177, -0.0580102232393967
84, 78.359126657803, -0.11850311241578376, -0.0914097166190402, 0.03628303613603374, 0.12416435638097312, 0.03628303613603374, -0.09140971661904017, -0.11850311241578379
85, 78.3555224243653, -0.034115955888329344, -0.12453953917474436, -0.06877559471926534, -0.12056012294327445, -0.06877559471926534, -0.12453953917474436, -0.03411595588832937
86, 78.51972835622152, 0.18997122626947238, 0.09501395005673885, -0.051526551812655114, -0.043645808912941675, -0.0515265518126551, 0.09501395005673885, 0.1899712262694724
87, 78.22440487415622, -0.07025532812895185, -0.039666392681468196, 0.18626444807083414, 0.33896929097824824, 0.1862644480708341, -0.039666392681468224, -0.07025532812895191
88, 78.13670285414128, -0.056018475149409816, 0.20030953200856771, 0.1454470183045643, -0.2512672709633179, 0.1454470183045643, 0.20030953200856771, -0.056018475149409844
89, 78.27703891883627, 0.17796784383497544, 0.12736841269639496, -0.4034881569398059, 0.11093120626834008, -0.4034881569398059, 0.127368412696395, 0.17796784383497544
90, 78.356861803762, 0.2238102520970048, -0.34064559670354555, 0.22839203757679813, -0.19075409119407283, 0.22839203757679813, -0.34064559670354555, 0.2238102520970048
91, 78.45679106764837, 0.12938542528605745, -0.2071912976221206, -0.06999050519808978, 0.09082482730769925, -0.06999050519808969, -0.20719129762212066, 0.12938542528605754
92, 78.4123208297871, -0.17220609952310084, 0.240716332817172, -0.19789457302201285, -0.046354589446437444, -0.1978945730220129, 0.24071633281717195, -0.1722060995231008
93, 78.43278677069554, -0.31397978329401977, 0.2516615354833789, 0.37985432654739537, 0.025888648538000325, 0.37985432654739537, 0.2516615354833789, -0.31397978329401977
94, 78.26624213129023, -0.4100591531244764, -0.2611822737256091, -0.2420016643220737, 0.14065599086732306, -0.24200166432207373, -0.2611822737256091, -0.4100591531244764
95, 78.47025735054635, 0.04487375197675567, -0.0851168960780555, -0.015328196342203346, -0.34467121012345103, -0.015328196342203356, -0.0851168960780555, 0.04487375197675563
96, 78.56057072036957, 0.33336619874224976, 0.057167054469481116, -0.004197408014006754, 0.25435784030023, -0.004197408014006754, 0.057167054469481116, 0.33336619874224976
97, 78.38622142282482, 0.21298030710906957, -0.005196473745165513, 0.05423442844820514, -0.08000854275547908, 0.05423442844820513, -0.005196473745165527, 0.21298030710906957
98, 78.29113867240979, 0.07494908004219897, 0.11718224307526981, 0.16908129889208803, 0.1750912931705102, 0.16908129889208806, 0.11718224307526981, 0.074949080042199
99, 78.16784877465916, -0.09908267396223795, 0.10027922416019663, -0.1110896213187635, -0.051801395419886376, -0.1110896213187635, 0.10027922416019663, -0.09908267396223795
100, 78.25514333618682, -0.030056667188257766, 0.006107654675354002, 0.049586471549516606, -0.035493166107762875, 0.049586471549516606, 0.006107654675354024, -0.030056667188257766
101, 78.28042092180029, -0.012844481743463834, -0.18757378568784588, -0.06420475298375221, 0.010215580494289611, -0.0642047529837522, -0.18757378568784588, -0.012844481743463827
102, 78.34082314444422, 0.029325062521783914, -0.03138524028883082, -0.0267756459548233, -0.07061780313822652, -0.026775645954823304, -0.031385240288830836, 0.029325062521783924
103, 78.37301603368002, 0.01667797051989147, 0.12717156304390898, 0.018905201705815028, 0.03842491390242486, 0.018905201705815035, 0.12717156304390898, 0.016677970519891477
104, 78.3264570367987, -0.07085392207551156, -8.076489469637288E-4, 7.689464872955298E-4, 0.008134082978898505, 7.689464872955229E-4, -8.076489469637188E-4, -0.07085392207551156
105, 78.3306428649595, -0.06736172370769766, -0.08061256616258561, 0.023606513147046978, -0.012319911139698547, 0.023606513147046985, -0.08061256616258561, -0.06736172370769766
106, 78.3280183253207, -0.030451599113633897, -0.003378179213839866, -0.03648359592490871, 0.01494445077849349, -0.03648359592490872, -0.0033781792138398766, -0.030451599113633904
107, 78.33709993154874, 0.03334286423194879, 0.08323710580138055, 0.024191957304987893, -0.02402605700652316, 0.024191957304987886, 0.08323710580138055, 0.03334286423194878
108, 78.32743682149592, 0.0616910730451014, -0.0057034270141898035, 2.224622150388475E-5, 0.033689167059328895, 2.224622150388128E-5, -0.005703427014189795, 0.061691073045101394
109, 78.29398958130292, 0.03991382764613098, -0.07357399574857837, 0.009090462192109593, -2.4192686631607785E-4, 0.00909046219210959, -0.07357399574857837, 0.039913827646130974
110, 78.27009915466346, 0.011309760849087223, 0.03915066720720262, 0.03746222173339605, 0.024132353505784465, 0.037462221733396056, 0.03915066720720261, 0.011309760849087224
111, 78.17649455447233, -0.06621743137208483, 0.09746442238804676, 0.02800882994075609, 0.06947224668533636, 0.028008829940756076, 0.09746442238804676, -0.06621743137208486
112, 78.18237726304599, -0.007191047045703564, 0.0544539329839182, 0.01237220816512747, -0.0753549552589945, 0.012372208165127477, 0.054453932983918214, -0.0071910470457035745
113, 78.18476594609321, 0.051854100519527664, -0.10334713096170134, -0.053077537078835, 0.07296627221177232, -0.05307753707883501, -0.10334713096170134, 0.05185410051952766
114, 78.25982378048172, 0.1312090398951446, -0.05684261603114038, 0.007228177904610215, -0.14802410660028187, 0.007228177904610229, -0.05684261603114038, 0.1312090398951446
115, 78.31098282958126, 0.0948205793549768, 0.028289296573195344, -0.06837739507096077, 0.09686505750073593, -0.06837739507096076, 0.028289296573195344, 0.09482057935497681
116, 78.25664387944916, -0.08669497979977522, 0.005683566931594443, 0.07673645258590697, -0.04252610736863005, 0.07673645258590697, 0.00568356693159444, -0.08669497979977522
117, 78.27211435363944, -0.1521475682372556, 0.02604965355890343, 0.003255336019550914, 0.027055633178342475, 0.0032553360195509418, 0.02604965355890343, -0.15214756823725556
118, 78.28043464865758, -0.13806131184492826, -0.02115404112188202, -0.10269400415391841, -0.03537592819647983, -0.10269400415391843, -0.021154041121882013, -0.13806131184492829
119, 78.36975251046427, 0.011736359333594754, -0.03436994857703724, 0.07049835664659386, -0.05394193361020427, 0.07049835664659387, -0.03436994857703723, 0.011736359333594737
120, 78.35110699025765, 0.05215679480384114, -0.06816382068480564, -0.07313921597054449, 0.07258745381682985, -0.07313921597054449, -0.06816382068480564, 0.05215679480384114
121, 78.36550225539767, 0.09084899705201557, 0.05301546878366281, 0.04140264512942146, -0.08698271895685394, 0.04140264512942146, 0.05301546878366281, 0.09084899705201557
122, 78.2621302402382, -0.01116722908907744, 0.053768555544788654, 0.07328682147454882, 0.19035473411631187, 0.07328682147454882, 0.053768555544788654, -0.01116722908907744
123, 78.2682459914854, 0.0010546604544899515, 0.05035654637579511, -0.04599833602143452, -0.19647048536351264, -0.04599833602143451, 0.050356546375795126, 0.0010546604544899515
124, 78.26480291728666, 0.004108371846246113, -0.05988430679199297, -0.011916480959580289, 0.19991355956226187, -0.011916480959580299, -0.05988430679199297, 0.004108371846246109
125, 78.27830424531237, 0.01774540953050604, -0.04691347217704589, 0.05674697860697278, -0.21341488758798022, 0.05674697860697279, -0.04691347217704589, 0.017745409530506042
126, 78.42289820671701, 0.10972946958377386, 0.04638297876627106, -0.1840805644636539, 0.06882092618335633, -0.18408056446365387, 0.04638297876627107, 0.10972946958377389
127, 78.4134651913667, -0.013828615978983678, -0.097680489227578, 0.06565843994343026, -0.05938791083305972, 0.06565843994343024, -0.097680489227578, -0.013828615978983671
128, 78.31142385822022, -0.19200718912900078, -0.03694996341597444, 0.17281264219089115, 0.16142924397954772, 0.17281264219089115, -0.036949963415974466, -0.19200718912900078
129, 77.33738180962715, -0.8444209595349034, 0.19972182237406605, 0.480740648588177, 0.8126128046135292, 0.4807406485881768, 0.19972182237406594, -0.8444209595349036
130, 76.51736836322772, -0.6079794042174543, 1.0109920120090585, 0.7011965297979313, 0.007400641785885398, 0.7011965297979313, 1.0109920120090585, -0.6079794042174548
131, 77.78894268084281, 1.7037605096147592, 0.6202916240253485, -1.55150766728623, -1.278974959400962, -1.5515076672862298, 0.6202916240253488, 1.7037605096147594
132, 74.82566211999458, -0.34946947279879714, -2.2825663296241387, 2.3167481169230757, 4.242255520249188, 2.316748116923075, -2.2825663296241387, -0.3494694727987978
133, 75.31390593520105, 1.110536095770923, 2.3429889368228807, 0.893171107974629, -4.7304993354556615, 0.8931711079746297, 2.3429889368228807, 1.110536095770923
134, 75.91753306286402, 1.8585897010150774, 1.7943225144176684, -4.494955461825718, 4.126872207792687, -4.494955461825718, 1.7943225144176689, 1.8585897010150774
135, 75.50802364080945, 0.6247126493340209, -2.9466160644858554, 5.149595630033907, -3.717362785738125, 5.149595630033908, -2.9466160644858554, 0.6247126493340214
136, 75.55537669155751, -0.5321195143925059, -1.3848130923631101, -2.4116467601447162, 3.6700097349900815, -2.4116467601447154, -1.3848130923631106, -0.5321195143925055
137, 77.29630847033452, -0.19357166778294776, 2.8992630137378086, -3.017389791288551, -5.410941513767099, -3.017389791288551, 2.8992630137378086, -0.19357166778294732
138, 78.11426441426443, -0.9041817475896616, -0.35611868641390765, 4.3595663525094155, 4.592985569837204, 4.3595663525094155, -0.3561186864139072, -0.9041817475896616
139, 73.46108936555015, -5.193381997432365, -3.7172189576677037, -0.6756323834316578, 0.06018947887707071, -0.6756323834316587, -3.7172189576677046, -5.193381997432365
140, 89.9044866658812, 9.840043277759465, 5.009293735128181, -10.37814056077628, -16.50358677920812, -10.378140560776279, 5.009293735128183, 9.840043277759467
141, 91.06766029958735, 3.4883953189379677, -12.726178342663346, -1.9133457477262636, 15.340413145501977, -1.9133457477262659, -12.726178342663346, 3.488395318937969
142, 91.85944299310796, -5.510006028690131, -6.172467368834325, 11.360971521198927, -16.132195839022607, 11.36097152119893, -6.172467368834327, -5.510006028690127
143, 91.81022359485415, -12.107306637260887, 11.934395649142719, -14.910473582537186, 16.181415237276426, -14.910473582537186, 11.934395649142719, -12.107306637260887
144, 91.49949424542145, -11.782810653377732, 6.221686767088143, 9.994560668982269, -15.87068588784372, 9.994560668982265, 6.221686767088145, -11.782810653377735
145, 91.48927690954191, -4.252599389673476, -11.62366629971002, 1.0939844314205218, 15.880903223723251, 1.0939844314205236, -11.62366629971002, -4.2525993896734775
146, 93.84247430776699, 7.442906094796979, -6.2114694312086085, -13.195432790798144, -18.23410062194833, -13.195432790798147, -6.21146943120861, 7.442906094796977
147, 98.71959971749014, 15.873909184092119, 9.270468901484946, 11.765329734571344, 13.35697521222518, 11.765329734571344, 9.270468901484946, 15.873909184092119
148, 83.61369070504946, -0.5524245471820127, 1.3343440214854607, 2.3611092033365457, 1.7489338002155037, 2.3611092033365453, 1.3343440214854598, -0.5524245471820127
149, 80.85372402778492, -3.500837611806708, 5.835440110955737, 1.953057773609518, 1.0110328770490327, 1.953057773609518, 5.835440110955737, -3.500837611806708
150, 78.88451525645337, -3.030981681616913, 1.4256226557790723, -0.9707424418282189, 0.958175894282526, -0.9707424418282198, 1.4256226557790728, -3.0309816816169137
151, 82.3359937534724, 3.624154832052925, -3.8662313396241754, -1.0515757258350205, -4.409654391301551, -1.05157572583502, -3.8662313396241745, 3.624154832052925
152, 82.83252273338789, 5.055931108981023, -4.877101152798097, -1.3446824106064899, 3.9131254113860408, -1.3446824106064899, -4.877101152798097, 5.055931108981023
153, 81.56908058738524, 2.1360940237012054, 3.369702359708658, 3.3501033571591052, -2.6496832653833877, 3.3501033571591057, 3.3697023597086573, 2.136094023701206
154, 79.2158651999426, -2.4355703822092405, 6.140543298800747, -0.4656624883836772, 5.002898652826033, -0.46566248838367685, 6.140543298800747, -2.43557038220924
155, 78.23016524404005, -3.92429042592706, -1.0164869722660088, 0.35865335987812097, -4.0171986969234865, 0.3586533598781205, -1.0164869722660084, -3.9242904259270603
156, 82.56201043844943, 0.9345627070920851, -5.154843342898197, -2.1189271134613192, -0.3146464974858958, -2.118927113461319, -5.154843342898197, 0.9345627070920853
157, 85.39904334932075, 2.9202016965019375, -3.3153582221433737, -3.6999683024769467, -2.5223864133854192, -3.6999683024769467, -3.3153582221433737, 2.9202016965019375
158, 84.53011329816479, -0.25623310545458855, 2.317810432026882, 5.128865887852609, 3.391316464541376, 5.12886588785261, 2.317810432026881, -0.2562331054545881
159, 79.66133810302297, -5.856383934766477, 4.18428827329933, 0.7583306119966555, 1.4774587306004463, 0.7583306119966555, 4.18428827329933, -5.856383934766477
160, 76.42079838787194, -5.448576893701862, 2.550964763114944, 0.9588754783284665, 1.7630809845505766, 0.9588754783284652, 2.550964763114944, -5.448576893701863
161, 75.66860416192962, 0.8595906732784755, -0.9437485581483075, 1.6580360350084435, -1.010886758608251, 1.6580360350084442, -0.9437485581483073, 0.8595906732784744
162, 75.57664599379262, 7.3513916636088625, -1.7987705371726221, -2.486474055723235, 1.1028449267452416, -2.486474055723236, -1.7987705371726221, 7.351391663608862
163, 74.49181192600798, 8.861711762057963, 1.0357067262853017, 2.7174209910139044, -0.018010858960586518, 2.7174209910139044, 1.0357067262853012, 8.861711762057963
164, 71.93525512364914, 4.458036712482828, 2.883604604957277, 1.5360531547752108, 2.5745676613194135, 1.5360531547752116, 2.883604604957277, 4.45803671248283
165, 72.98432562828197, 0.7412658884198999, 1.5208500760735182, -3.0749762604328312, -3.6236381659522365, -3.0749762604328312, 1.5208500760735186, 0.7412658884199013
166, 78.42135856148786, -0.6142360877832214, -3.9326751095901007, -2.0810133845330894, -1.813394767253655, -2.0810133845330885, -3.9326751095901, -0.6142360877832191
167, 79.40038699476906, -6.354682183320229, -6.957883009279406, -0.11133696503400303, 0.8343663339724543, -0.11133696503400348, -6.957883009279406, -6.354682183320227
168, 82.86103583266015, -6.904621813141989, 2.9536466763088995, -1.1876090633816978, -4.29501517186354, -1.1876090633816974, 2.9536466763088995, -6.904621813141988
169, 84.04588792194403, -6.032759518737683, 3.4972341713883206, -2.5075959756611588, 3.1101630825796533, -2.507595975661159, 3.4972341713883215, -6.032759518737683
170, 82.65374279587037, -3.796235865118602, -4.138498765592786, 4.533428470872507, -1.7180179565059888, 4.533428470872506, -4.138498765592786, -3.796235865118603
171, 89.25580534046969, 6.724579593497353, -2.1050890453146565, -7.17985812092529, -4.884044588093332, -7.179858120925289, -2.1050890453146565, 6.724579593497354
172, 89.31358068739792, 6.74501832249895, -2.4635637790065346, -1.0224916245430324, 4.8262692411651, -1.0224916245430342, -2.4635637790065346, 6.74501832249895
173, 85.9549656506193, 0.38164198180618936, 2.0473136983864255, 10.94300376473998, -1.4676542043864842, 10.94300376473998, 2.0473136983864246, 0.38164198180619024
174, 83.96819125896116, -4.251541664108334, 5.822178815785151, -9.689776030844211, 3.454428596044643, -9.689776030844211, 5.822178815785151, -4.251541664108334
175, 95.34164301461601, 3.6347893893972865, -0.060539306728267295, -3.2950615558258107, -14.827880351699513, -3.29506155582581, -0.060539306728265185, 3.6347893893972874
176, 93.62617221086816, -3.1945626789487185, -17.19563057144002, 4.189266054550033, 16.54335115544737, 4.189266054550033, -17.19563057144002, -3.1945626789487176
177, 90.45920752662794, -8.676494656074215, 1.7760101104761232, 1.325397692844355, -13.376386471207141, 1.325397692844355, 1.7760101104761206, -8.676494656074215
178, 92.09292396587333, -4.753677080562541, 20.362595255680247, -4.05190873579466, 11.742670031961751, -4.05190873579466, 20.362595255680247, -4.753677080562541
179, 83.91470006043669, -5.462813963241038, -3.409726549721513, 8.554027737165269, -3.5644461265251124, 8.554027737165265, -3.409726549721511, -5.462813963241041
180, 82.6208686641635, 4.2914384364457545, -12.184371350243607, 1.047787556433378, 4.8582775227983035, 1.0477875564333796, -12.184371350243607, 4.291438436445753
181, 83.2805485038553, 13.292119886483132, 4.703557945994704, -9.208455801744048, -5.517957362490101, -9.208455801744048, 4.703557945994702, 13.292119886483132
182, 81.93735888544782, 12.89699945242072, 11.524691510551811, 12.265034174809765, 6.86114698089758, 12.265034174809765, 11.524691510551811, 12.89699945242072
183, 74.43596964243226, 0.9858980693999801, -3.3603683275872283, -1.4894490507778233, 0.6402422621179795, -1.489449050777822, -3.3603683275872274, 0.9858980693999815
184, 75.2249526057489, -3.443444584940403, -4.023302267536248, -3.2151410873223245, -1.429225225434621, -3.2151410873223254, -4.023302267536248, -3.4434445849404023
185, 75.71585936375538, -6.297523568502839, 2.57138536427059, 4.900238720578705, 0.9383184674281324, 4.900238720578705, 2.57138536427059, -6.297523568502839
186, 96.19172811568657, 8.525120232169254, 3.5323955095297586, -18.68437537336862, -21.41418721935932, -18.684375373368617, 3.5323955095297612, 8.525120232169257
187, 104.14247503104154, 3.500022529112219, -23.047254116201774, -4.574437474367653, 13.46344030400435, -4.574437474367655, -23.047254116201774, 3.5000225291122216
188, 105.5698442230482, -10.51678538331769, -11.483142424884734, 16.19355753956744, -14.890809496010995, 16.19355753956744, -11.483142424884738, -10.516785383317686
189, 105.38884806359655, -19.92835585449084, 21.619884924195127, -19.62609680144739, 15.071805655462619, -19.62609680144739, 21.619884924195127, -19.92835585449084
190, 104.19325190667237, -18.330583732570567, 11.664138584336362, 12.588345043059979, -13.876209498538422, 12.588345043059975, 11.664138584336365, -18.330583732570574
191, 105.11768804521975, -4.145733047061131, -20.42428876727093, 2.365409608303269, 12.95177335999103, 2.3654096083032723, -20.42428876727093, -4.1457330470611335
192, 112.3840269401213, 16.68127319987543, -12.588574722883756, -21.99605303722193, -20.218112254892574, -21.99605303722193, -12.588574722883756, 16.68127319987543
193, 113.44264260824667, 21.218831266676037, 13.15794987236939, 20.72681370311058, 19.159496586767204, 20.726813703110576, 13.15794987236939, 21.218831266676034
194, 89.62613644582152, -4.572742924583285, 11.52995905475839, 8.466109336999093, 4.657009575657952, 8.466109336999093, 11.52995905475839, -4.572742924583285
195, 81.03858895602161, -9.941473229241208, 10.658556290055763, -2.8108811218040106, 3.930537914141958, -2.8108811218040115, 10.658556290055763, -9.94147322924121
196, 81.35860791216405, -0.6727882823822116, -2.9424115649584843, 3.870336783477984, -4.250556870284406, 3.870336783477983, -2.9424115649584826, -0.6727882823822142
197, 80.39551374838305, 7.988977545417411, -10.978575246198208, -2.301610190353728, 5.213651034065407, -2.301610190353727, -10.978575246198208, 7.988977545417411
198, 80.59664596309513, 13.076224793324613, 3.9055057287394814, 0.20550377385939367, -5.414783248777482, 0.20550377385939278, 3.9055057287394805, 13.076224793324613
199, 77.96077169542997, 8.438620118208338, 10.777443031486126, 3.6736963205519957, 8.05065751644264, 3.6736963205519966, 10.777443031486126, 8.43862011820834
200, 72.39368064494091, -2.442867340058529, -1.2696314610743225, 1.1715071665247498, -2.4835664659535865, 1.1715071665247496, -1.269631461074322, -2.4428673400585286
201, 73.45479240578936, -5.57594586941561, -5.210351980997064, -0.5136859150722386, 1.422454705105146, -0.5136859150722382, -5.210351980997064, -5.575945869415609
202, 72.53282822509476, -7.1557498165559466, 0.20851970022588556, -0.8542302152977448, -0.5004905244105515, -0.8542302152977457, 0.20851970022588479, -7.1557498165559466
203, 98.87301142191646, 15.003473766756573, 6.132316161691655, -15.981608104538788, -25.839692672411147, -15.981608104538784, 6.132316161691659, 15.003473766756576
204, 110.30446846697477, 10.116943498793802, -26.548702897047583, -10.967806846956895, 14.408235627352838, -10.967806846956897, -26.548702897047583, 10.116943498793807
205, 111.59828242627242, -11.212547481845196, -17.563773206749964, 19.14610762772223, -15.702049586650482, 19.14610762772223, -17.563773206749964, -11.212547481845192
206, 112.37609876872902, -26.717694965400433, 25.25488893774994, -17.95269139638928, 14.924233244193871, -17.952691396389277, 25.25488893774994, -26.71769496540043
207, 111.02139068535752, -28.30771870830828, 16.785956864293354, 6.422938955973876, -13.569525160822373, 6.422938955973869, 16.785956864293354, -28.307718708308286
208, 112.0713004055601, -11.218358385571332, -23.90018085437844, 9.481593815139137, 12.519615440619809, 9.481593815139139, -23.90018085437844, -11.218358385571337
209, 121.24605705116873, 17.88018705151503, -17.835866584495918, -27.36937988230528, -21.694372086228455, -27.36937988230528, -17.835866584495918, 17.880187051515023
210, 124.2701553177456, 29.46836515725402, 14.72542420876979, 17.911437371278687, 18.670273819651584, 17.911437371278687, 14.725424208769786, 29.46836515725402
211, 98.04869869392348, 2.2289065569659616, 14.811768317919046, 17.556053754963326, 7.55118280417053, 17.55605375496333, 14.811768317919046, 2.2289065569659625
212, 95.5097717875272, -1.8900510837581148, 11.496032415052333, -14.722697637027004, -5.0122558977742315, -14.722697637027002, 11.496032415052333, -1.890051083758114
213, 99.94652299141337, 0.7743413359071356, -12.272841411522753, 2.666654961729372, 0.5755046938880497, 2.6666549617293693, -12.27284141152275, 0.7743413359071349
214, 98.89169712154738, -2.197490626535345, -15.932783618938515, 7.260601345646883, 0.4793211759779439, 7.260601345646885, -15.932783618938515, -2.197490626535345
215, 100.37664445113003, -1.7772201868224293, 13.327667281388752, -12.929886312314279, -1.9642685055605895, -12.929886312314277, 13.327667281388752, -1.7772201868224276
216, 97.90963461085525, -3.5452649818870543, 14.44783628935587, 11.284511294899806, 4.431278345835366, 11.284511294899803, 14.44783628935587, -3.545264981887055
217, 88.7092294824204, -7.275200648473652, -10.860657441113979, 5.943856090569148, 4.769126782599493, 5.94385609056915, -10.860657441113979, -7.275200648473654
218, 92.264757785651, 4.971120858180003, -5.247431160921013, -13.004126236456823, -8.324655085830102, -13.004126236456825, -5.247431160921015, 4.971120858180001
219, 93.59051238425184, 11.687348949936881, 7.305129137883366, 7.953777229749374, 6.998900487229264, 7.953777229749372, 7.305129137883366, 11.68734894993688
220, 82.60341796657133, 2.4624829681280955, 3.92167656232018, 8.199080975728872, 3.9881939304512457, 8.199080975728872, 3.921676562320179, 2.462482968128096
221, 80.18924311316795, 1.0751428685715743, 3.6819652797971507, -6.854854917128292, -1.5740190770478648, -6.854854917128292, 3.6819652797971507, 1.0751428685715743
222, 79.9841814829696, 1.3271730422234957, -1.5075017089168024, 4.054323138851655, 1.7790807072462158, 4.054323138851654, -1.507501708916802, 1.3271730422234949
223, 76.38278194580735, -1.5397491569343191, -3.476903649598803, 3.872811812609096, 1.8223188299160356, 3.872811812609096, -3.4769036495988037, -1.5397491569343196
224, 76.58691462052232, 0.241035953102414, 5.1089012460790535, -6.074250190152627, -2.0264515046310194, -6.074250190152628, 5.1089012460790535, 0.24103595310241355
225, 78.2054143051136, 2.8209448984390826, 3.272770974883819, 3.368890410514334, 0.4079518200397345, 3.3688904105143336, 3.27277097488382, 2.820944898439082
226, 76.61618108202417, 1.0061253074525491, -6.727400930670338, 0.8151775857968034, 1.1812814030497094, 0.815177585796804, -6.727400930670338, 1.0061253074525491
227, 79.32062304658675, 2.103493632364215, -1.6835377517943788, -4.844821637468956, -3.885723367612286, -4.8448216374689554, -1.6835377517943793, 2.1034936323642155
228, 81.67128935783136, 0.9263940402276268, 4.022958966107765, 1.669820827640017, 1.5350570563676769, 1.669820827640017, 4.022958966107765, 0.9263940402276276
229, 79.60875208144387, -4.602475022400939, -0.6671285594502302, 1.5911061596264, 0.5274802200198181, 1.5911061596264, -0.66712855945023, -4.602475022400939
230, 77.38385364535755, -6.945980132610931, -1.9604216897202702, -0.2842066897635682, 1.6974182160664952, -0.28420668976356867, -1.9604216897202706, -6.945980132610931
231, 88.24087801663094, 4.681349707409838, 2.8920269955365465, -6.641354324794317, -12.554442587339892, -6.641354324794316, 2.8920269955365474, 4.68134970740984
232, 89.62667765019208, 3.689292326024758, -8.896602681553127, -2.1604326411174086, 11.168642953778757, -2.1604326411174095, -8.896602681553127, 3.6892923260247588
233, 88.68516787023103, -1.5154500479116928, -4.277826629097681, 8.976615782858861, -10.227133173817705, 8.976615782858861, -4.2778266290976825, -1.515450047911692
234, 88.0859848447881, -5.314638937381941, 9.838112461514179, -9.169222982790357, 10.826316199260624, -9.169222982790357, 9.838112461514179, -5.314638937381941
235, 85.79347801631563, -7.022448515336411, 4.8770096545406, 6.2108538655986205, -8.533809370788148, 6.210853865598619, 4.877009654540601, -7.0224485153364125
236, 88.34104467132018, -0.5226945083226991, -7.545605633041707, 0.8768543833374539, 5.986242715783604, 0.8768543833374552, -7.545605633041705, -0.5226945083227
237, 92.819738898977, 6.9025952569211455, -7.424576309545145, -13.16539494098247, -10.46493694344042, -13.16539494098247, -7.424576309545145, 6.9025952569211455
238, 96.35871503896742, 8.308178135620594, 3.066911405384897, 10.760697441496653, 6.925960803449996, 10.760697441496653, 3.066911405384896, 8.308178135620594
239, 84.17004465874007, -7.310724678411687, 3.885600169554721, 3.0271860181403865, 5.262709576777354, 3.0271860181403865, 3.88560016955472, -7.310724678411687
240, 81.85356428513316, -8.096432727041723, 9.121758974842454, -1.2151156032866552, -2.9462292031704536, -1.2151156032866561, 9.121758974842454, -8.096432727041723
241, 80.22051982880544, -2.9776167264536237, -1.5691197959478207, 2.1624641305340973, 4.5792736594981776, 2.1624641305340964, -1.5691197959478198, -2.9776167264536264
242, 80.97537260346378, 6.0522527410281395, -7.488714518514737, -0.7437875576906854, -5.334126434156516, -0.7437875576906849, -7.488714518514737, 6.052252741028138
243, 81.63741052184878, 11.250073362559666, 0.8142670212894783, -2.3335739550745602, 4.672088515771527, -2.333573955074561, 0.8142670212894774, 11.250073362559665
244, 78.64479424407799, 7.079616404110084, 6.826676600129751, 5.498020838873728, -1.6794722380007485, 5.498020838873728, 6.826676600129751, 7.079616404110084
245, 75.91909224981123, -0.1727299133370882, 2.1783492564813005, -0.5218230400600693, 4.405174232267505, -0.5218230400600686, 2.1783492564813014, -0.1727299133370871
246, 75.95571861865314, -4.572292642133817, -4.100974605862994, -2.060248377973608, -4.441800601109406, -2.060248377973608, -4.100974605862994, -4.572292642133817
247, 76.52294893247623, -5.929002319750291, -2.2149756253231985, 2.9977354678067387, 3.874570287286325, 2.9977354678067396, -2.2149756253231985, -5.92900231975029
248, 85.58807690504352, 2.0302002981045293, 3.5337442920399087, -9.156433552554827, -12.939698259853635, -9.156433552554823, 3.5337442920399096, 2.030200298104531
249, 90.89442387266513, 3.487165067230211, -6.850152347244113, -2.8658648515168528, 7.633351292232042, -2.8658648515168537, -6.850152347244111, 3.4871650672302117
250, 89.80075606496737, -3.1782910566039773, -8.840091259661499, 8.676371449065229, -6.539683484534294, 8.676371449065229, -8.840091259661499, -3.1782910566039764
251, 89.02922961939929, -7.433831158476863, 7.943820154941862, -7.765157934714201, 7.311209930102379, -7.7651579347142, 7.94382015494186, -7.433831158476862
252, 87.7537882698995, -7.465080569774634, 9.61161770522958, 3.978619888981749, -6.035768580602593, 3.978619888981746, 9.61161770522958, -7.465080569774637
253, 93.01605549065837, 1.8730391582077655, -6.668378805442075, -0.3070037585256201, 0.7735013598437277, -0.3070037585256181, -6.668378805442074, 1.8730391582077655
254, 92.33315451144361, 4.3688068161274005, -14.873884925988442, -8.323834317452484, -0.09060038062897746, -8.323834317452487, -14.873884925988442, 4.368806816127399
255, 91.49805902844909, 4.397785992798688, 7.351279784656822, 13.352085799391944, 0.9256958636235026, 13.352085799391944, 7.35127978465682, 4.397785992798688
256, 81.2341126242143, -4.57200884187225, 15.708980408982963, -2.4660649188525876, 9.338250540611284, -2.466064918852588, 15.708980408982963, -4.57200884187225
257, 81.12945539736774, -0.673640334832727, 2.912666619577972, 0.47340689358007115, -9.233593313764722, 0.4734068935800707, 2.9126666195779736, -0.6736403348327279
258, 82.85402850248036, 4.943452108313906, -15.604323182136397, 0.6817663590002194, 7.509020208652096, 0.6817663590002194, -15.604323182136397, 4.943452108313906
259, 83.39056215251878, 6.319550828516421, -4.6372397246906045, -3.541529812237469, -8.04555385869051, -3.541529812237469, -4.637239724690606, 6.319550828516421
260, 82.9577756827938, 3.1511824838934035, 15.067789532097986, 4.09620573052457, 8.478340328415499, 4.09620573052457, 15.067789532097986, 3.151182483893404
261, 80.20495365790762, -3.3768584737535345, 5.0700261944155995, 0.12794570478092515, -5.72551830352932, 0.1279457047809256, 5.070026194415601, -3.376858473753534
262, 88.14029219079492, 0.43717217681154574, -12.314967507211811, -7.135457944202495, -2.2098202293579945, -7.135457944202493, -12.314967507211811, 0.4371721768115471
263, 91.36160922748005, -1.6624101166029215, -13.005364727302918, -0.2500379602260372, -1.011496807327127, -0.25003796022603775, -13.005364727302918, -1.6624101166029208
264, 88.87016695620045, -7.771207871579387, 9.093650470526692, 6.0294637069337655, 3.5029390786067367, 6.029463706933766, 9.093650470526688, -7.771207871579386
265, 83.67250829265565, -10.511594867411116, 15.496806998582532, -2.1101694293909095, 1.6947195849380563, -2.1101694293909112, 15.496806998582532, -10.511594867411118
266, 81.82836003867317, -3.200783224444381, -3.8959918069818977, 3.456434918465085, 0.14942866904442553, 3.456434918465084, -3.895991806981896, -3.2007832244443835
267, 81.14386455401973, 7.345140676278037, -13.652658744600057, -0.44980805688985326, 0.5350668156090208, -0.44980805688985326, -13.652658744600057, 7.345140676278035
268, 81.59236361063628, 14.590012995317855, 4.580487291635344, -2.4529515035826535, -0.9835658722255829, -2.4529515035826552, 4.580487291635342, 14.590012995317853
269, 80.66804486651264, 12.186162468335958, 13.204159687983498, 4.12389833643102, 1.9078846163492216, 4.123898336431021, 13.204159687983498, 12.18616246833596
270, 72.8255645542987, -1.97732902527998, -3.656168547511705, 3.0906683005661737, 5.934595695864722, 3.090668300566173, -3.656168547511704, -1.9773290252799791
271, 74.17562898481572, -6.185407967089597, -5.361679375769551, -1.606922765531701, -7.284660126381738, -1.6069227655316998, -5.361679375769551, -6.185407967089596
272, 75.04920025889632, -7.502515069353569, 2.3061041169946894, -2.7859089341343486, 6.411088852301134, -2.785908934134349, 2.3061041169946885, -7.50251506935357
273, 73.63108674752002, -6.301079550365806, 4.488108101688944, 5.6759793700267185, -4.992975340924822, 5.675979370026717, 4.488108101688944, -6.301079550365808
274, 76.39690857454627, 1.9652877924548249, -0.8879906056183775, -5.778755928775054, 2.227153513898564, -5.778755928775052, -0.8879906056183766, 1.965287792454824
275, 77.62480130181868, 7.1828456474194144, -7.253929928715198, -1.137657462959333, -3.455046241170983, -1.137657462959334, -7.253929928715198, 7.182845647419414
276, 77.32503200089796, 6.752928305813255, -0.33990212165404143, 6.371722720427284, 3.7548155420917055, 6.371722720427285, -0.3399021216540423, 6.752928305813256
277, 73.29211940058151, -0.18469339830085563, 7.553699229635919, -4.7218500754125685, 0.27809705822474484, -4.721850075412568, 7.553699229635919, -0.18469339830085518
278, 77.55021421767398, 0.029716105846720242, 4.372814721970491, 1.3279665759286732, -4.536191875317208, 1.3279665759286736, 4.372814721970493, 0.02971610584672091
279, 78.38246697182834, -3.4428849327585236, -11.811794046728382, -2.002764649860116, 3.70393912116284, -2.0027646498601155, -11.811794046728382, -3.442884932758523
280, 82.0178839391923, -3.160315435534477, -5.205067476124859, -1.8985103900731595, -7.339356088526806, -1.898510390073159, -5.205067476124861, -3.1603154355344767
281, 81.47510118993246, -5.045698347628056, 8.176377079364414, 1.4360521871565606, 7.8821388377866555, 1.4360521871565601, 8.176377079364414, -5.045698347628056
282, 89.66034030264494, 2.355241232167568, 5.747850225384711, -5.3774294222517, -16.067377950499136, -5.377429422251698, 5.747850225384712, 2.35524123216757
283, 91.44219079565087, 1.4512318947723606, -16.361616192076895, -3.2764162468816607, 14.285527457493203, -3.2764162468816616, -16.361616192076895, 1.4512318947723615
284, 93.27324108653269, -0.7899918200618989, -7.529700718390644, 6.934383144189235, -16.116577748375015, 6.934383144189236, -7.529700718390646, -0.7899918200618976
285, 94.38990656629483, -3.6098975986927706, 14.530565901195082, -9.150934466260695, 14.999912268612867, -9.150934466260695, 14.530565901195082, -3.6098975986927697
286, 90.0988018611429, -8.466109038344065, 6.413035238628495, 7.924596242416328, -10.70880756346093, 7.9245962424163245, 6.413035238628496, -8.466109038344069
287, 90.91736214858085, -3.493074388653527, -10.239461196043145, 1.6561581589992056, 9.890247276022968, 1.6561581589992074, -10.239461196043145, -3.493074388653528
288, 94.37970719814345, 5.155843239447565, -7.231595526066453, -13.533565523099195, -13.352592325585555, -13.533565523099197, -7.231595526066453, 5.155843239447563
289, 96.76849162827571, 9.011318443126685, 6.777116146480559, 12.331723032130652, 10.963807895453293, 12.331723032130652, 6.777116146480559, 9.011318443126685
290, 82.95311631170209, -4.569644483433714, 4.8428110959341915, 3.4740367044855427, 2.851567421120322, 3.4740367044855427, 4.8428110959341915, -4.569644483433714
291, 87.85510213275681, 1.8078310850996724, 7.038259170093052, -6.895604954570528, -7.753553242175045, -6.895604954570527, 7.0382591700930535, 1.8078310850996733
292, 87.82238657856448, 2.2011845111869413, -9.744796916988914, 1.3989689122001607, 7.786268796367374, 1.39896891220016, -9.744796916988914, 2.2011845111869417
293, 89.66545561691635, 2.641076073312394, -7.005543615900719, 3.646633084577491, -9.62933783471923, 3.6466330845774917, -7.005543615900721, 2.641076073312395
294, 89.13412702919238, -0.6849139948192109, 7.901727878637055, -8.023449868342063, 10.160666422443185, -8.023449868342063, 7.901727878637053, -0.6849139948192109
295, 87.82639597217613, -4.0030676445053555, 7.536872203624672, 9.15627262236088, -8.85293536542693, 9.156272622360879, 7.536872203624672, -4.003067644505357
296, 84.34135670729196, -6.132842399021901, -6.593996821620795, -1.1534491010689183, 12.337974630311095, -1.153449101068917, -6.593996821620795, -6.132842399021902
297, 88.99406469624756, 2.1049193826673385, -4.0518329387405, -7.32997136510932, -16.990682619266693, -7.329971365109321, -4.0518329387405, 2.1049193826673376
298, 94.4032974577698, 8.28184511542526, 1.9412888326651938, 3.0419808617685367, 11.58144985774446, 3.041980861768537, 1.9412888326651938, 8.28184511542526
299, 85.52066392588003, -2.08282486567607, -1.3573998227817365, 3.8996984175888905, -2.6988163258546933, 3.8996984175888896, -1.3573998227817374, -2.08282486567607
300, 85.88306454510055, -2.0885148212654725, 6.941344699224572, 0.06939034344508421, 2.3364157066341704, 0.06939034344508532, 6.941344699224572, -2.088514821265472
301, 82.56153786294253, -3.5818557798413004, 0.9949992035612103, -2.0115577607611885, 0.9851109755238525, -2.0115577607611903, 0.9949992035612107, -3.581855779841302
302, 82.62267849621557, 0.38776543750087633, -3.6198180170665495, 6.053675649084861, -1.0462516087968936, 6.0536756490848616, -3.6198180170665495, 0.387765437500875
303, 81.2371463317036, 3.089379098223043, -1.0561398368342478, -5.631053888576917, 2.4317837733088723, -5.631053888576917, -1.0561398368342483, 3.089379098223043
304, 81.97171932819025, 5.886230094122328, 5.005350181578528, 2.7759477480141093, -3.1663567697955273, 2.775947748014109, 5.005350181578528, 5.886230094122327
305, 78.39870738195627, 1.9739333592041666, 0.321566840347593, 3.4971989148522455, 6.739368716029503, 3.4971989148522455, 0.3215668403475932, 1.9739333592041668
306, 76.71138013606591, -0.7147753577310292, -1.4323382353445524, -2.955601399830754, -5.0520414701391445, -2.955601399830754, -1.4323382353445524, -0.7147753577310292
307, 79.11222467170742, 0.4002023334596735, 1.3657604055427655, 0.6723264639208864, 2.6511969344976265, 0.6723264639208862, 1.3657604055427655, 0.4002023334596739
308, 79.0112760383132, -1.1914790734630354, -0.9685063002969657, -0.3246748762054464, -2.5502483011033945, -0.3246748762054462, -0.9685063002969655, -1.1914790734630354
309, 76.71045371115896, -3.611186634876766, -1.2648117721485332, 1.5147088526010717, 4.851070628257631, 1.5147088526010708, -1.2648117721485337, -3.6111866348767667
310, 81.79852292841647, 1.9831205319834082, 3.269328627451205, -3.114432845704658, -9.939139845515143, -3.1144328457046573, 3.269328627451206, 1.9831205319834087
311, 85.43390407255761, 3.89827602899065, -3.823257445108983, -4.768907559582739, 6.303758701374008, -4.768907559582739, -3.823257445108982, 3.89827602899065
312, 87.9514191934019, 1.67464516763662, -6.904709771592348, 4.443153436340335, -8.821273822218295, 4.443153436340336, -6.904709771592348, 1.6746451676366207
313, 87.26015733815265, -4.536281187023, 1.3057423242646995, -3.5433794652163337, 9.51253567746754, -3.543379465216333, 1.3057423242646986, -4.5362811870229995
314, 86.89662286667786, -7.6557113797881104, 7.595971626841596, 1.5162614052270689, -9.149001205992754, 1.516261405227068, 7.595971626841596, -7.655711379788111
315, 88.41601725842263, -4.852621126713069, -0.9422078527899101, 0.688222415616587, 7.6296068142479925, 0.6882224156165884, -0.942207852789909, -4.852621126713069
316, 88.92780957178095, -0.3644338070776456, -9.115366018586357, -4.37084108640081, -8.141399127606327, -4.3708410864008105, -9.115366018586357, -0.3644338070776465
317, 91.8446588440395, 5.887965480911323, 0.4304155394315718, 2.9187641142775895, 5.224549855347789, 2.91876411427759, 0.430415539431571, 5.887965480911323
318, 85.36166290359157, 1.1902547808129342, 6.198516746327819, 1.910406410258594, 1.2584460851001396, 1.910406410258593, 6.198516746327819, 1.1902547808129331
319, 83.55233857470428, 0.9989194109196676, 6.052580401016353, 2.141894673460134, 0.5508782437871531, 2.1418946734601345, 6.052580401016353, 0.9989194109196672
320, 78.19349768139618, -1.7575178082432474, -4.389192417440526, 0.6590941572046227, 4.807962649520945, 0.6590941572046214, -4.389192417440526, -1.7575178082432488
321, 78.90195826124292, 2.3753732420715825, -0.6937395077082475, 1.7838890436353547, -5.516423229367682, 1.7838890436353556, -0.693739507708248, 2.3753732420715816
322, 78.0352407913366, 3.795480482688703, 3.6807318375937896, -3.2774930159856517, 6.383140699273987, -3.277493015985652, 3.6807318375937896, 3.7954804826887028
323, 74.5215449254431, 1.374406028375021, 1.5604569776145496, 6.2024616738613965, -2.86944483338047, 6.202461673861396, 1.5604569776145496, 1.3744060283750206
324, 74.5528054047461, 1.6840235256383955, -0.16703597170027618, -2.002521034293236, 2.8381843540774767, -2.002521034293235, -0.16703597170027595, 1.684023525638396
325, 76.0384179896094, 2.0263891346080882, -1.591717456917543, -4.452216480502425, -4.323796938940795, -4.452216480502425, -1.591717456917543, 2.0263891346080882
326, 73.76636743636527, -1.9104714670910568, -1.318576613163042, 8.419875732175036, 6.595847492184937, 8.419875732175036, -1.3185766131630425, -1.9104714670910568
327, 70.73861890259812, -4.597094760605313, 3.8637680101616856, -3.0422939002370906, -3.5680989584177993, -3.0422939002370906, 3.8637680101616847, -4.597094760605312
328, 71.95892035866135, -0.7001703224300087, 4.346325146930184, -1.9525573386417876, 2.347797502354574, -1.9525573386417883, 4.346325146930184, -0.7001703224300093
329, 70.62814004864477, 1.4455991571081621, -5.084069466224911, 5.524329295274462, -1.0170171923379883, 5.524329295274461, -5.084069466224911, 1.4455991571081617
330, 71.02289438528518, 4.354470034525314, -3.0155448369135978, -4.808377232075015, 0.6222628556975636, -4.808377232075014, -3.0155448369135986, 4.354470034525315
331, 75.7877393200782, 7.6870512507188575, 4.689315129584482, -2.4882655020029056, -5.387107790490575, -2.4882655020029056, 4.689315129584482, 7.687051250718859
332, 77.88083941869276, 3.231862437537932, -1.7493000978794098, 2.0824258435670346, 3.2940076918760184, 2.082425843567035, -1.7493000978794089, 3.2318624375379343
333, 75.28327066132022, -7.0463661413795275, -6.7824152281990315, -0.7130709842839495, -0.696438934503476, -0.71307098428395, -6.7824152281990315, -7.046366141379526
334, 76.86544283915575, -9.480595566798709, 4.3468688552519446, 0.40481289476239724, -0.885733243332055, 0.40481289476239724, 4.3468688552519446, -9.480595566798709
335, 91.3326787431343, 2.2864877463317432, 5.2002430503634995, -11.671473692276804, -13.5815026606465, -11.671473692276802, 5.200243050363501, 2.286487746331746
336, 90.44035100490404, -2.3840293508610535, -18.814104759230496, 2.2648785845011505, 14.47383039887675, 2.264878584501148, -18.814104759230496, -2.3840293508610544
337, 92.31665270037513, -3.4389409967653193, -4.3079153121332565, 8.03403376675773, -16.35013209434782, 8.034033766757732, -4.307915312133258, -3.4389409967653184
338, 91.75191747796947, -4.754997447774313, 16.937803063759425, -15.103691688146474, 16.914867316753472, -15.103691688146474, 16.937803063759425, -4.754997447774313
339, 89.75152212204026, -4.135398781752539, 4.872650534538912, 15.305040204158084, -14.914471960824251, 15.305040204158082, 4.872650534538914, -4.13539878175254
340, 87.06774985764935, -0.9906578065832656, -14.937407707830204, -2.642794817998972, 17.598244225215147, -2.6427948179989698, -14.937407707830204, -0.9906578065832659
341, 88.12399222586473, 6.165045481544231, -2.188878270148016, -9.63066780672533, -18.65448659343052, -9.630667806725333, -2.1888782701480176, 6.1650454815442295
342, 87.33895045022491, 8.097998007945074, 13.881165339614832, 15.761481839834149, 19.43952836907033, 15.761481839834149, 13.881165339614832, 8.097998007945074
343, 98.4168219672919, 13.905532975833177, 2.973920045787825, -19.70762986945693, -30.51739988613732, -19.707629869456923, 2.973920045787828, 13.905532975833184
344, 103.40586314829602, 4.01730865214448, -24.95903685668182, -2.4963407639929875, 25.528358705133208, -2.49634076399299, -24.95903685668182, 4.017308652144483
345, 102.39237848166903, -13.929883657136328, -7.962961226791936, 18.965589533597047, -24.514874038506214, 18.965589533597047, -7.96296122679194, -13.929883657136324
346, 103.53616647866636, -21.894874126802407, 25.972521523308814, -24.120348755110783, 23.371086041508867, -24.120348755110783, 25.972521523308814, -21.894874126802407
347, 103.6116100506377, -18.124585615098887, 6.8191732297945915, 13.948600146714412, -23.4465296134802, 13.948600146714405, 6.819173229794595, -18.124585615098894
348, 104.3750570979509, -3.2727656502020697, -26.047965095280148, 3.7787670953045716, 22.683082566166995, 3.778767095304574, -26.047965095280148, -3.2727656502020723
349, 110.75671233754215, 17.245260693910748, -7.582620277107799, -24.568542564366155, -29.064737805758234, -24.568542564366158, -7.582620277107801, 17.245260693910744
350, 112.24785306616894, 22.333987691514512, 19.666309855688908, 23.530348046456012, 27.573597077131446, 23.53034804645601, 19.666309855688908, 22.33398769151451
351, 84.69067268978321, -6.6372422418471535, 6.091479548481012, 9.286333615605225, -0.016416700745715218, 9.286333615605226, 6.0914795484810105, -6.6372422418471535
352, 82.00099959962478, -6.065171391530627, 7.890870520696826, -7.20414053275436, 2.7060897909041444, -7.204140532754361, 7.890870520696826, -6.065171391530628
353, 81.60560366261747, 0.46988054367419974, -3.401806458322579, 3.871119869527633, -2.3106938538968365, 3.8711198695276314, -3.401806458322578, 0.46988054367419796
354, 81.00089284331933, 6.697483645114651, -7.495474583689521, 2.5525413696863017, 2.9154046731949705, 2.5525413696863017, -7.495474583689521, 6.697483645114651
355, 80.07263285467931, 8.95012354764555, 4.0065172776207065, -6.219868741086758, -1.9871446845549485, -6.219868741086759, 4.006517277620705, 8.950123547645548
356, 78.78832115503825, 5.9800169375470915, 8.423734572329547, 8.080086860752509, 3.2714563841960143, 8.080086860752509, 8.423734572329547, 5.9800169375470915
357, 77.12638533832413, -0.38395687759992203, -2.722205577979637, -2.747621897005657, -1.609520567481887, -2.747621897005655, -2.722205577979636, -0.38395687759992025
358, 77.94655879899022, -4.281127928714959, -6.761798755615423, -3.112377108805939, 0.7893471068157751, -3.1123771088059398, -6.761798755615423, -4.281127928714958
359, 76.90964538040865, -7.223854271891476, 1.9020321173135248, 7.062222864614824, 0.24756631176580157, 7.062222864614824, 1.902032117313524, -7.223854271891476
360, 95.6350450278566, 8.342825734519415, 7.798712174196997, -19.079057899390772, -18.972965959213752, -19.07905789939077, 7.798712174196999, 8.342825734519419
361, 102.57681475280943, 5.205564372665779, -20.627431764761475, -3.7143325193924195, 12.031196234260932, -3.714332519392422, -20.627431764761475, 5.20556437266578
362, 102.7870350167272, -7.774167549683007, -14.740481899149813, 17.24149942436705, -12.241416498178715, 17.241499424367053, -14.740481899149817, -7.774167549683005
363, 103.05654515683413, -16.21954537383794, 20.417211500843692, -21.069622513781304, 11.971906358071791, -21.069622513781304, 20.417211500843692, -16.21954537383794
364, 102.70777178768883, -15.679863648051247, 14.470971759042884, 12.53255636301697, -11.623132988926486, 12.532556363016967, 14.470971759042888, -15.679863648051251
365, 100.03094592052994, -7.499158806975322, -20.068438131698386, 5.5874864258663965, 14.299958856085375, 5.587486425866398, -20.068438131698386, -7.499158806975323
366, 110.25196732254125, 14.978630968011029, -11.794145891883993, -24.984983122908933, -24.520980258096678, -24.984983122908933, -11.794145891883993, 14.978630968011029
367, 112.32016333494585, 19.923555890901135, 9.847416729687083, 18.06315873500872, 22.452784245692072, 18.06315873500872, 9.847416729687083, 19.923555890901135
368, 90.77013171653383, -4.10883752096853, 9.725949879479383, 12.609796540320596, -0.9027526272800586, 12.609796540320596, 9.725949879479383, -4.10883752096853
369, 86.54403498585346, -7.172599676444651, 11.70261488872493, -11.35777074646903, 5.1288493579604335, -11.35777074646903, 11.70261488872493, -7.172599676444651
370, 82.81663208141866, -4.444325358192267, -5.499853148799006, 10.314285488280952, -1.4014464535256366, 10.314285488280952, -5.499853148799004, -4.444325358192269
371, 83.72804644104528, 5.259244657888056, -7.975211984290134, -0.14589604697387637, 0.4900320938990177, -0.1458960469738737, -7.975211984290134, 5.259244657888054
372, 83.42979123328367, 10.759707841656747, 4.588438789172387, -10.808473399648056, -0.1917768861374043, -10.808473399648056, 4.588438789172385, 10.759707841656747
373, 80.58175628884533, 8.241670484448075, 8.273467192051747, 17.743505747335192, 3.0398118305757365, 17.743505747335195, 8.273467192051747, 8.241670484448077
374, 74.86944022491693, -0.29540814658654124, -1.7404038447340577, -7.397380702755382, 2.6725042333526687, -7.39738070275538, -1.7404038447340573, -0.29540814658653947
375, 81.62230013377626, 1.8278684060993515, -2.561151128123339, -6.344706601490309, -9.425364142212004, -6.344706601490309, -2.561151128123338, 1.8278684060993533
376, 82.0820676573281, -3.5473507384609455, -5.012456064125274, 9.292186185328909, 8.965596618660172, 9.292186185328909, -5.012456064125274, -3.5473507384609455
377, 79.26135343811913, -9.298893606668845, 2.1013836045715064, -5.261650497257605, -6.1448823994512125, -5.261650497257604, 2.1013836045715055, -9.298893606668843
378, 85.69532334836782, -2.2330527424585918, 7.8331702833342325, -3.5798782259181445, -0.2890875107974651, -3.579878225918145, 7.833170283334234, -2.233052742458592
379, 81.57781064646225, -3.2046109305983723, -8.535353514820184, 6.801914078885665, 4.406600212703026, 6.801914078885664, -8.535353514820184, -3.204610930598373
380, 81.92817737767169, 2.06630789572322, -3.715657581428672, -2.1697149041732584, -4.7569669439124596, -2.169714904173257, -3.715657581428673, 2.0663078957232197
381, 83.5130954336449, 6.897151154562999, 8.18498678361075, -5.204546871133907, 3.1720488879392335, -5.204546871133908, 8.18498678361075, 6.897151154562998
382, 79.59471654936482, 3.332106472491162, 2.130739525455446, 10.715849899696689, 0.7463299963408616, 10.715849899696689, 2.130739525455447, 3.3321064724911618
383, 76.02551590594386, -0.7902680839930785, -4.266607899330658, -3.507768526713081, 2.8228706470800944, -3.5077685267130807, -4.266607899330658, -0.790268083993078
384, 79.47750795538917, 1.5604133154010034, 1.4384611179655096, -4.626842418897424, -6.274862696525396, -4.626842418897425, 1.4384611179655096, 1.5604133154010034
385, 82.60822045384634, 1.7587817456999884, 0.8146158498853563, 4.385371739431107, 3.1441501980682176, 4.385371739431108, 0.814615849885357, 1.7587817456999886
386, 77.42667879826982, -5.867736057493753, -4.569173616422688, -1.0418190278521866, 2.0373914575083063, -1.041819027852187, -4.569173616422688, -5.867736057493753
387, 93.15369944941314, 6.24521094722754, 4.366925805691163, -8.851158435411987, -17.764412108651626, -8.851158435411984, 4.366925805691165, 6.245210947227543
388, 103.43987939472217, 6.246205019633627, -11.157847034720634, -9.441200913051556, 7.4782321633425966, -9.441200913051556, -11.15784703472063, 6.24620501963363
389, 103.11089972730119, -7.930546794113653, -14.653105751000187, 12.14947662013559, -7.1492524959216155, 12.14947662013559, -14.653105751000187, -7.930546794113649
390, 103.88878450937227, -16.582664581098367, 11.486826702141613, -7.96182163584233, 6.371367713850539, -7.9618216358423295, 11.486826702141613, -16.582664581098367
391, 104.55343065841166, -15.82879133975542, 13.875220968929106, -2.13762106267818, -7.036013862889931, -2.137621062678183, 13.875220968929106, -15.828791339755421
392, 104.88740068309428, -6.2311204874307995, -12.151472851181005, 10.084075715690686, 6.702043838207295, 10.084075715690684, -12.151472851181005, -6.231120487430803
393, 105.32046433095032, 6.988908455051673, -14.209190993611742, -12.763607845215768, -7.135107486063319, -12.763607845215768, -14.209190993611742, 6.98890845505167
394, 107.31618066923996, 17.093050519022242, 11.718409203324981, 6.122143399839676, 5.139391147773679, 6.1221433998396755, 11.718409203324981, 17.093050519022242
395, 91.16859739138802, 3.770533437444806, 12.213474655322099, 13.527938915623528, 11.008192130078257, 13.527938915623528, 12.213474655322099, 3.770533437444806
396, 85.3805079669923, 0.2940750013410338, 4.4291740745269585, -5.013157525312958, -5.220102705682535, -5.013157525312957, 4.4291740745269585, 0.29407500134103337
397, 88.1934637223788, 4.422500932013811, -6.425385230926377, -2.639234218429003, 2.4071469502960383, -2.639234218429003, -6.425385230926377, 4.422500932013811
398, 87.91625969080184, 2.9513171904337385, -7.2421298299134556, 6.128655446408222, -2.129942918719088, 6.128655446408222, -7.2421298299134556, 2.9513171904337385
399, 86.83133714073995, -0.7386601950715685, 6.702589262503332, -4.983633309205327, 3.214865468780978, -4.9836333092053255, 6.70258926250333, -0.7386601950715677
400, 87.24027406500063, -2.621855834004929, 8.327052379975342, 1.7150268472038526, -3.6238023930416574, 1.7150268472038517, 8.327052379975342, -2.621855834004929
401, 85.2222554754814, -4.805095437435457, -7.1115261867640065, 3.576236787004553, 5.641820982560887, 3.576236787004553, -7.1115261867640065, -4.805095437435457
402, 82.69471233749866, -3.9427996052032652, -6.309033790456115, -2.9673279315149257, -3.1142778445781474, -2.9673279315149257, -6.309033790456117, -3.9427996052032652
403, 91.33724345235028, 7.867870257947757, 9.639069324746742, -2.9634506021922116, -5.528253270273467, -2.9634506021922107, 9.639069324746742, 7.867870257947758
404, 95.62835549300334, 9.461391738910306, -2.3334973243954957, -4.518525573070773, 1.2371412296203985, -4.518525573070773, -2.333497324395494, 9.461391738910306
405, 94.42804106317985, 0.3726957446066259, -13.930181365399815, 5.911249181789751, -0.03682679979689851, 5.911249181789751, -13.930181365399815, 0.37269574460662813
406, 94.44008374356143, -7.725490471463898, 3.5338117542189957, -2.649444221521132, 0.02478411941531533, -2.6494442215211307, 3.533811754218994, -7.725490471463897
407, 94.92427299450368, -10.967858322997667, 13.918138685018235, -2.5187854140640207, -0.5089733703575661, -2.5187854140640207, 13.918138685018235, -10.967858322997667
408, 94.9100559064428, -8.279645769424851, -4.0180010051612465, 5.73740846323232, 0.5231904584184406, 5.737408463232319, -4.018001005161245, -8.279645769424853
409, 92.78812533948232, -2.2275434208118803, -13.90392159695736, -4.080486866347656, 1.5987401085420458, -4.080486866347656, -13.90392159695736, -2.227543420811882
410, 93.53239614611978, 7.777633154310745, 6.139931572121729, 1.6289230367897831, -2.343010915179505, 1.6289230367897818, 6.139931572121728, 7.777633154310744
411, 105.13464941169292, 20.686538865293837, 13.1596507903199, -7.171460952110406, -9.259242350393627, -7.1714609521104045, 13.159650790319903, 20.68653886529384
412, 104.45302502725218, 9.393316177512656, -17.742184837694857, -2.6072177373991563, 9.940866734834366, -2.6072177373991563, -17.742184837694857, 9.39331617751266
413, 102.67903381250929, -7.9751605646661545, -12.478026405879165, 12.794649238550772, -8.166875520091487, 12.794649238550772, -12.478026405879168, -7.975160564666151
414, 103.97455357145569, -17.98183438871157, 19.516176052437736, -14.629228333535218, 6.8713557611450895, -14.629228333535217, 19.516176052437736, -17.98183438871157
415, 103.33605161571637, -19.202002325847204, 11.18250664693277, 7.05017318154524, -6.232853805405767, 7.050173181545238, 11.182506646932774, -19.202002325847204
416, 103.30812939466996, -8.55513976132964, -18.877674096698414, 5.317023750701895, 6.260776026452177, 5.317023750701897, -18.877674096698414, -8.555139761329643
417, 104.41101038021795, 7.910984492146593, -11.154584425886364, -15.321512683923999, -7.363657012000161, -15.321512683923999, -11.154584425886368, 7.910984492146589
418, 103.04696834151268, 17.675556960906583, 17.77479311115043, 16.212509672818857, 8.727699050705425, 16.212509672818854, 17.77479311115043, 17.67555696090658
419, 101.08727390595783, 17.064356698736553, 12.518626464591632, -4.856683112341775, -6.7680046151505735, -4.8566831123417735, 12.518626464591636, 17.064356698736553
420, 93.70237970818769, 3.194873385585221, -15.815098675595578, -2.1625193460534446, 14.15289881292071, -2.1625193460534478, -15.815098675595578, 3.1948733855852214
421, 93.80164825966965, -5.091035763095494, -5.133732266821496, 15.229648032283434, -14.252167364402666, 15.229648032283436, -5.1337322668214975, -5.091035763095492
422, 92.18815898815981, -11.634862965019634, 15.715830124113623, -18.333814797596112, 15.8656566359125, -18.333814797596112, 15.715830124113623, -11.634862965019634
423, 95.18283060255689, -7.632103360910838, 6.747221538331334, 10.194218170056335, -18.86032825030958, 10.194218170056333, 6.747221538331336, -7.63210336091084
424, 93.47720125825288, -3.35929480735895, -18.7105017385107, 2.128403664863264, 20.565957594613586, 2.128403664863266, -18.7105017385107, -3.359294807358952
425, 93.16848846647764, 4.368679520134991, -5.04159219402733, -11.280313246303251, -20.257244802838336, -11.280313246303253, -5.041592194027332, 4.3686795201349895
426, 94.22256058250692, 10.591594967274641, 19.01921453028595, 13.387739566546962, 19.203172686809054, 13.387739566546962, 19.01921453028595, 10.591594967274641
427, 75.48462571535741, -3.6936951962751152, 3.9875200779980524, 4.542839075737627, -0.46523781965954925, 4.542839075737625, 3.9875200779980524, -3.693695196275117
428, 77.26976578843684, 4.184950709072565, -0.2812796631364417, -2.3366339830263825, -1.3199022534198832, -2.3366339830263816, -0.28127966313644104, 4.184950709072563
429, 79.05260208708529, 9.087624810348846, -5.772660151077488, -4.284135316239136, -0.46293404522856463, -4.284135316239137, -5.772660151077488, 9.087624810348846
430, 78.2432404216748, 6.3117501267883505, -1.5015566355120131, 7.184785073689059, 1.2722957106390567, 7.18478507368906, -1.501556635512014, 6.311750126788351
431, 74.83250524108527, -1.7638544883505518, 6.5820218164879805, -2.6555695372708343, 2.1384394699504767, -2.6555695372708334, 6.5820218164879805, -1.763854488350551
432, 75.09895829985798, -5.207071120950735, 4.912291816101549, -0.20691820239235348, -2.4048925287231953, -0.20691820239235348, 4.912291816101549, -5.207071120950735
433, 77.88803208142252, -3.8943361857380765, -6.8484748752607, 0.7095700224493477, -0.3841812528413442, 0.7095700224493486, -6.848474875260698, -3.8943361857380765
434, 83.11722894438985, 0.6081748510387177, -7.701365597666088, -7.283239690337058, -4.845015610125984, -7.283239690337058, -7.701365597666088, 0.6081748510387177
435, 83.9529245395207, 0.11615446772868054, 1.6192780122933716, 3.770363440347268, 4.009320014995147, 3.7703634403472672, 1.6192780122933708, 0.11615446772868054
436, 86.07253745605368, 0.21918944419365055, 6.86567000253525, -0.3833476839796461, -6.128932931528148, -0.3833476839796444, 6.86567000253525, 0.21918944419365155
437, 87.15163792494081, -1.162747440422336, -3.7388909288263723, -6.110880122223595, 5.049832462641028, -6.1108801222235964, -3.7388909288263714, -1.162747440422335
438, 89.73828233990899, -1.1136293065983187, -7.944770471422363, 6.117302955634983, -7.636476877609212, 6.117302955634984, -7.944770471422363, -1.1136293065983183
439, 89.3862230845804, -3.2477501302156737, 1.1522465138581848, -4.87799361092627, 7.98853613293781, -4.877993610926269, 1.1522465138581839, -3.247750130215673
440, 88.29442831367572, -3.899339205593779, 8.296829726750957, 1.9052965076055486, -6.896741362033147, 1.9052965076055477, 8.296829726750957, -3.8993392055937797
441, 86.4236945051395, -2.497762049534427, -0.060451742953518246, 4.5981007822439866, 8.767475170569384, 4.5981007822439866, -0.060451742953517455, -2.497762049534427
442, 85.50258823399622, 1.5863835575787593, -6.42609591821472, -5.885938695958235, -7.846368899426118, -5.885938695958236, -6.42609591821472, 1.5863835575787588
443, 87.81407901375185, 7.296824267946635, 0.9815580140967806, 3.0125090150046376, 5.534878119670495, 3.012509015004637, 0.9815580140967801, 7.296824267946635
444, 79.36059775202068, 0.44387957984534765, 4.114605138459095, 5.291630735215364, 2.9186031420606753, 5.291630735215364, 4.114605138459093, 0.4438795798453472
445, 90.64385010981017, 9.76286177169435, 7.471923247634396, -10.020987962117388, -14.201855499850168, -10.020987962117385, 7.471923247634398, 9.762861771694354
446, 97.24580996492477, 6.747930170142035, -15.39785749624858, -7.071356591273814, 7.599895644735568, -7.0713565912738146, -15.39785749624858, 6.7479301701420376
447, 97.67397806721627, -6.519046693629415, -14.073883102749003, 13.116675934140497, -8.028063747027055, 13.116675934140497, -14.073883102749006, -6.519046693629411
448, 98.53277604604662, -15.788160645807475, 14.96968939395709, -12.51385438483221, 7.169265768196688, -12.513854384832209, 14.96968939395709, -15.788160645807473
449, 99.22145086285406, -16.180615562430113, 13.215085123918636, 3.2348220426239376, -7.857940585004108, 3.234822042623934, 13.215085123918639, -16.180615562430113
450, 97.32788093110753, -9.122316286322695, -15.65836421076451, 8.58940650287149, 9.751510516750635, 8.589406502871489, -15.65836421076451, -9.122316286322697
451, 102.37953168538479, 8.745338586337702, -11.32151519217211, -17.06056378450952, -14.803161271027896, -17.06056378450952, -11.32151519217211, 8.745338586337699
452, 105.65998690723981, 18.75807410114147, 10.606713456487249, 8.166591295883366, 11.522706049172875, 8.166591295883364, 10.606713456487249, 18.758074101141467
453, 88.81632031151116, 2.591858119755992, 8.041059970317093, 14.14107526354323, 5.320960546555767, 14.14107526354323, 8.041059970317093, 2.591858119755992
454, 87.04458648387356, 0.49822839531278795, 6.236953139241397, -10.068620120416103, -3.5492267189181703, -10.068620120416101, 6.236953139241397, 0.49822839531278884
455, 91.32454507396089, 2.9108648039407004, -6.269326142679497, -1.156550049478922, -0.7307318711691551, -1.1565500494789238, -6.269326142679495, 2.9108648039407004
456, 92.83275348584627, 0.40486189405406847, -10.516911729328726, 6.357805900378391, -0.7774765407162292, 6.357805900378393, -10.516911729328726, 0.4048618940540698
457, 92.29922119578382, -4.223776334651916, 4.761117730794113, -8.965689393372113, 1.3110088307786896, -8.965689393372113, 4.761117730794111, -4.223776334651916
458, 91.8747736434334, -6.144781123411876, 11.05044401939119, 7.1552556683405335, -0.8865612784282746, 7.155255668340532, 11.05044401939119, -6.144781123411878
459, 89.89556616086915, -5.4413199478372665, -4.336670178443698, 0.6705883696047232, 2.8657687609925304, 0.6705883696047246, -4.336670178443696, -5.4413199478372665
460, 93.03858003982513, 2.6512465657066215, -9.071236536826937, -8.346849780014153, -6.008782639948521, -8.346849780014155, -9.071236536826937, 2.6512465657066207
461, 94.43805918423229, 7.037316112438116, 1.193656299487707, 7.001044720286746, 4.6093034955413685, 7.001044720286746, 1.193656299487706, 7.037316112438116
462, 85.7557740145372, -0.23776054088388276, 7.671757392419786, 3.185700961083736, 4.072981674153731, 3.1857009610837355, 7.671757392419784, -0.2377605408838832
463, 90.72423855909358, 4.821959847282591, 7.488628870207392, -6.337256026962027, -9.04144621871012, -6.337256026962026, 7.4886288702073935, 4.821959847282592
464, 95.0052809719183, 5.115731130228598, -12.640221936976179, -2.2190862047353686, 4.76040380588541, -2.2190862047353686, -12.640221936976179, 5.1157311302286
465, 94.39538022921943, -2.2995308652968616, -11.769671283032103, 5.625740371962198, -4.150503063186541, 5.625740371962199, -11.769671283032103, -2.2995308652968607
466, 95.82792908354335, -6.744893115054615, 13.250122679675055, -6.13997639425803, 2.717954208862608, -6.139976394258029, 13.250122679675055, -6.744893115054614
467, 92.95751971437144, -10.701423238817068, 10.337122428708174, 3.654634592847083, 0.15245516030930162, 3.6546345928470814, 10.337122428708174, -10.70142323881707
468, 93.21629201363389, -5.335815749211483, -10.379713310503153, 3.658972309116002, -0.411227459571748, 3.658972309116003, -10.379713310503153, -5.335815749211485
469, 102.48044626970714, 9.447414237123393, -10.59589472797062, -15.638721452436588, -8.852926796501507, -15.638721452436588, -10.59589472797062, 9.447414237123393
470, 103.48545889355984, 10.142974078139138, 1.1155590544299059, 8.48271416951731, 7.847914172648807, 8.48271416951731, 1.1155590544299046, 10.142974078139138
471, 89.34276617307862, -6.108489283762877, 9.590882104117917, 12.637733331207968, 6.294778547832415, 12.63773333120797, 9.590882104117917, -6.108489283762875
472, 92.09904144092292, -2.6900088156566326, 13.02713366605131, -14.16145625639438, -9.051053815676703, -14.16145625639438, 13.02713366605131, -2.6900088156566317
473, 99.02647732983573, 4.446403959199099, -12.347157371962206, -0.265121991591311, 2.1236179267638917, -0.26512199159131233, -12.347157371962203, 4.4464039591991
474, 102.73280764178811, 4.671509006531401, -19.95456955496412, 4.988188186774581, -5.829948238716284, 4.988188186774582, -19.95456955496412, 4.6715090065314016
475, 103.00912534330385, -1.3508367568630604, 8.640827060009814, -10.690957826270608, 5.553630537200547, -10.690957826270608, 8.64082706000981, -1.3508367568630604
476, 103.29758731220701, -6.654224955829111, 19.678251853448383, 9.650818250054503, -5.842092506103718, 9.650818250054503, 19.678251853448383, -6.654224955829111
477, 101.21443635821473, -9.82113055745834, -8.929289028912985, -1.7728120340542306, 7.92524346009602, -1.7728120340542297, -8.929289028912981, -9.82113055745834
478, 101.45049545594472, -4.984881133607338, -17.595100899456074, -5.227451462730119, -8.161302557826012, -5.227451462730121, -17.595100899456074, -4.98488113360734
479, 103.05100457743303, 3.6671158069183987, 8.693229931182993, 7.797754838408929, 6.56079343633769, 7.797754838408928, 8.693229931182989, 3.6671158069183982
480, 90.90449876865858, -0.018419704050428143, 15.994591777967749, 1.188128317809663, 5.585712372436753, 1.1881283178096622, 15.994591777967749, -0.01841970405042992
481, 85.1316149031484, 4.371295278268374, 3.453275877591451, 6.750529117784212, 0.1871714930734285, 6.750529117784211, 3.453275877591452, 4.371295278268373
482, 78.75973538942992, 7.467649424171235, -10.221707912457568, -0.45633507081042524, 6.184708020645054, -0.4563350708104257, -10.221707912457568, 7.467649424171232
483, 78.66430689753433, 12.493957196422919, 2.9186036361270316, 0.3341837757986381, -6.089279528749458, 0.3341837757986381, 2.9186036361270307, 12.493957196422919
484, 77.8111085168866, 9.693600421961193, 10.31713640435316, 0.682458695299923, 6.942477909397184, 0.6824586952999239, 10.31713640435316, 9.693600421961195
485, 73.86534808045994, -0.7220115923470106, -2.065405255479306, 2.343946223731384, -2.9967174729705164, 2.3439462237313835, -2.065405255479305, -0.7220115923470095
486, 74.4342485475122, -6.3666451935494015, -6.371375967926486, -0.4538121760202216, 2.42781700591825, -0.4538121760202207, -6.371375967926486, -6.366645193549401
487, 73.89466483110999, -9.232228159126144, 1.4965047884270395, -1.889516051799959, -1.8882332895160303, -1.8895160517999594, 1.4965047884270386, -9.232228159126146
488, 80.81824413634956, -1.2544034867896203, 6.910959684328703, -1.2301347576181423, -5.03534601572354, -1.2301347576181414, 6.910959684328705, -1.2544034867896203
489, 78.55377293259279, -1.0665685137974754, -8.42008409366661, -1.6931670516914301, 7.299817219480303, -1.693167051691431, -8.42008409366661, -1.0665685137974763
490, 80.40757515339615, 3.3213551544426076, -4.646488480571945, 4.578269647931452, -9.153619440283663, 4.578269647931452, -4.646488480571945, 3.3213551544426076
491, 80.14019277479687, 3.720803904787296, 6.56628187286325, -6.446218304340339, 9.42100181888295, -6.446218304340338, 6.56628187286325, 3.7208039047872967
492, 79.19465870517007, 1.5394450167616143, 4.9138708591712295, 5.474035635159664, -8.475467749256147, 5.474035635159662, 4.9138708591712295, 1.5394450167616145
493, 80.13995233316359, 0.07025772063812202, -5.620747803236448, -1.0181265967559325, 7.530174121262611, -1.0181265967559308, -5.620747803236448, 0.07025772063812302
494, 77.84729613880047, -4.006531965330806, -5.859164487164761, -3.3583280798446835, -5.237517926899486, -3.358328079844685, -5.859164487164763, -4.006531965330806
495, 79.1505653308795, -2.522142886296561, 7.913403997599573, 7.138625425103215, 3.934248734820457, 7.138625425103215, 7.913403997599573, -2.522142886296561
496, 101.8808088983446, 15.209123461784829, 4.555895295085735, -24.113191369693183, -26.664492302285552, -24.113191369693176, 4.5558952950857385, 15.209123461784836
497, 108.84074364621155, 6.222265047127021, -30.64364756506467, -0.6890837822829572, 19.7045575544186, -0.6890837822829599, -30.64364756506467, 6.222265047127024
498, 108.64802275630947, -13.505720839450753, -11.515830042952695, 18.264042500468193, -19.511836664516522, 18.264042500468197, -11.515830042952699, -13.505720839450749
499, 110.83046931378134, -23.58629497763555, 30.836368454966745, -26.49067469610129, 17.32939010704466, -26.49067469610129, 30.836368454966745, -23.58629497763555
500, 109.27085935046017, -23.135594742596215, 9.333383485480832, 18.119793154770655, -15.769780143723501, 18.119793154770644, 9.333383485480836, -23.13559474259622
501, 105.24763603410707, -10.417615406811644, -29.276758491645587, 5.26987592177173, 19.793003460076598, 5.2698759217717335, -29.276758491645587, -10.417615406811647
502, 112.42486456364153, 17.501152026408754, -5.3101601691277285, -26.624366802369916, -26.97023198961105, -26.62436680236992, -5.310160169127732, 17.50115202640875
503, 114.39662726206068, 29.385000205120676, 22.099529962111127, 23.81118939525848, 24.99846929119191, 23.81118939525848, 22.099529962111127, 29.385000205120676
504, 84.36702492097766, 0.8496156438747215, 3.3383974707085895, 12.212632576657047, 5.031133049891103, 12.212632576657047, 3.3383974707085886, 0.8496156438747215
505, 81.3573940662948, -0.28199028388019975, 7.930072378971891, -8.92472729014881, -2.0215021952082353, -8.92472729014881, 7.930072378971891, -0.28199028388019975
506, 80.90221417408627, 1.4393599384469198, -0.32876661602572144, 3.7403294406759664, 2.476682087416762, 3.740329440675964, -0.32876661602572055, 1.4393599384469176
507, 79.15929471349507, 1.5403023525308348, -7.474892486763364, 5.322712729256045, -0.7337626268255661, 5.322712729256047, -7.474892486763364, 1.5403023525308344
508, 79.45303875195296, 2.6895844007752583, 2.0716860766169103, -9.732570911941284, 0.44001858836767127, -9.732570911941286, 2.0716860766169094, 2.6895844007752574
509, 80.70699161441283, 2.856278918068398, 7.181148448305471, 7.26079844037767, -1.6939714508275259, 7.26079844037767, 7.181148448305471, 2.8562789180683974
510, 76.16555138130347, -3.1154320645674627, -3.3256389390767573, 1.4215816066269555, 6.235411683936874, 1.4215816066269564, -3.3256389390767573, -3.115432064567462
511, 77.27210734829143, -1.938271735302737, -2.639708215196123, -5.512231423399926, -7.341967650924836, -5.512231423399926, -2.639708215196123, -1.9382717353027372
512, 80.81583037280316, 1.77353650322907, 2.219082972088792, 2.7615442830172627, 3.7982446264131156, 2.7615442830172627, 2.219082972088792, 1.77353650322907
513, 78.38281907662025, -0.8176906992130867, -0.9040148093155977, -0.2165061930142841, -1.365233330230204, -0.2165061930142841, -0.9040148093155977, -0.8176906992130867
514, 79.10160841731576, 0.011346333350765736, 0.21392832409411966, -0.5306078093861939, 0.6464439895346814, -0.5306078093861939, 0.21392832409411966, 0.011346333350765736
515, 79.02106993865239, 0.057998192616102284, 0.18522546862007516, 0.3050589170631195, -0.5659055108713034, 0.3050589170631194, 0.18522546862007516, 0.0579981926161022
516, 78.96943514282566, 0.11470266162917084, -0.13338984543074162, 0.21623914449031956, 0.6175403066980323, 0.21623914449031964, -0.13338984543074162, 0.11470266162917082
517, 78.84905761691992, 0.07073089805648064, -0.13359067279334622, -0.47411268722015143, -0.49716278079229426, -0.4741126872201515, -0.13359067279334627, 0.07073089805648058
518, 79.0340841259783, 0.2365369588413311, 0.25376737133647964, 0.4438014745208531, 0.31213627173391245, 0.44380147452085317, 0.25376737133647964, 0.23653695884133114
519, 78.67676825526962, -0.17390410712265986, -0.051435836265035555, -0.0858834109031111, 0.045179598974776525, -0.08588341090311108, -0.05143583626503557, -0.17390410712265986
520, 78.71261300120699, -0.09981257205566643, 0.10354849937220933, 0.00962581774765564, -0.08102434491215149, 0.00962581774765562, 0.10354849937220933, -0.09981257205566646
521, 78.72665021548346, 0.0068288774926820155, 0.01559109032766414, 0.026499893554218126, 0.06698713063568817, 0.026499893554218126, 0.015591090327664155, 0.006828877492681991
522, 78.70929053330337, 0.08315769995636735, -0.11758571364867265, -0.048864391901170076, -0.04962744845561673, -0.04886439190117009, -0.11758571364867265, 0.08315769995636733
523, 78.70719049499492, 0.12664860045276644, 0.0017685918524001994, 0.06144942569826523, 0.051727486764079345, 0.06144942569826523, 0.0017685918524001846, 0.12664860045276644
524, 78.68499053854146, 0.08235276701767354, 0.11968575195713527, -0.020240441262592918, -0.029527530310609507, -0.020240441262592904, 0.11968575195713527, 0.08235276701767355
525, 78.8296812747297, 0.1143275567496308, 0.02043136460107318, -0.11293696343639519, -0.11516320587762863, -0.11293696343639514, 0.020431364601073216, 0.11432755674963084
526, 78.89330151426762, -0.02037361909961982, -0.2643764881453734, -0.00971961233864867, 0.051542966339695795, -0.009719612338648678, -0.2643764881453734, -0.020373619099619784
527, 78.47339152460188, -0.503681645913493, -0.08405160413900599, 0.3599835326694081, 0.3683670233260514, 0.359983532669408, -0.08405160413900607, -0.503681645913493
528, 78.4625897724641, -0.27966779818921017, 0.6842864778111206, -0.07182599994235025, -0.3575652711882853, -0.0718259999423502, 0.6842864778111206, -0.2796677981892103
529, 78.38229864918841, 0.062199007155722685, 0.09485335627677212, -0.19083007954482747, 0.43785639446398505, -0.19083007954482756, 0.0948533562767722, 0.0621990071557226
530, 78.32135021344197, 0.4048245487316685, -0.6039953545354209, 0.4650886620380909, -0.37690795871755967, 0.46508866203809085, -0.6039953545354209, 0.40482454873166845
531, 78.36721732961075, 0.6036907446649998, -0.03390492053035029, -0.4383891271453828, 0.33104084254878785, -0.4383891271453827, -0.03390492053035036, 0.603690744665
532, 78.31650063315226, 0.3671938536987333, 0.5581282383666526, 0.14488219098423022, -0.2803241460902939, 0.1448821909842301, 0.5581282383666526, 0.3671938536987334
533, 78.09202050905907, -0.192414938273597, 0.08462161698885139, 0.4429428821555455, 0.5048042701834845, 0.44294288215554556, 0.08462161698885141, -0.19241493827359696
534, 77.94746999698285, -0.5170421922283317, -0.3336481142734691, -0.44460525087896424, -0.36025375810726246, -0.44460525087896424, -0.3336481142734691, -0.5170421922283317
535, 78.48058403461722, -0.01727407906160541, 0.05992889508736708, -0.04659414554100959, -0.17286027952711436, -0.046594145541009574, 0.05992889508736711, -0.0172740790616054
536, 78.49287071973411, -0.031813083928008724, -0.19946592336090418, -0.031302712568584204, 0.16057359441022356, -0.03130271256858421, -0.19946592336090418, -0.03181308392800873
537, 78.59460219852271, 0.03193191770436187, -0.07221558020425789, 0.006641162566123002, -0.26230507319881724, 0.0066411625661230225, -0.07221558020425789, 0.03193191770436189
538, 78.6614191288148, 0.02248686073710713, 0.09773444457231051, -0.12706749289855424, 0.19548814290672567, -0.12706749289855424, 0.09773444457231051, 0.022486860737107157
539, 78.542358287884, -0.1511363525627773, 0.005398649912166322, 0.1904312069316072, -0.07642730197592584, 0.19043120693160714, 0.005398649912166318, -0.15113635256277735
540, 78.49164240670706, -0.1530266428622643, 0.02132639635848577, 0.012679481781662769, 0.12714318315286732, 0.012679481781662796, 0.021326396358485763, -0.1530266428622643
541, 78.73446721706466, 0.15714295004367623, 0.0453172312647787, -0.32934989089834077, -0.36996799351046405, -0.3293498908983407, 0.045317231264778726, 0.15714295004367626
542, 78.88405336152329, 0.23820890080601742, -0.26415120671607895, 0.10449341321701863, 0.2203818490518259, 0.10449341321701865, -0.26415120671607895, 0.23820890080601745
543, 78.72436960428811, -0.08276430389080625, -0.19490337572342395, 0.14490121187587, -0.06069809181664709, 0.14490121187587002, -0.194903375723424, -0.08276430389080622
544, 78.71053179656629, -0.20535635229045066, 0.4238349639512542, -0.13994610734413063, 0.07453589953847484, -0.13994610734413063, 0.4238349639512542, -0.20535635229045066
545, 78.7016957404024, -0.20006366214841378, 0.20874118344525525, 0.07309831408578421, -0.06569984337458834, 0.07309831408578418, 0.2087411834452553, -0.2000636621484138
546, 78.68957667427533, -0.07730980973407497, -0.41499890778736415, 0.05397501018139296, 0.0778189095016586, 0.053975010181392974, -0.41499890778736415, -0.07730980973407502
547, 78.79216038591372, 0.17538778498386465, -0.19662211731818854, -0.20984907752526227, -0.180402621140054, -0.20984907752526227, -0.1966221173181886, 0.17538778498386465
548, 78.83544877220757, 0.2533713937894305, 0.31241519614896873, 0.10960317817292728, 0.13711423484621577, 0.10960317817292728, 0.31241519614896873, 0.2533713937894305
549, 78.64040391429249, 0.0017275484693711762, 0.15333373102435743, 0.14947593184739538, 0.05793062306885588, 0.14947593184739538, 0.15333373102435743, 0.0017275484693711901
550, 78.5416419003866, -0.12571870315581274, -0.11737033823389709, -0.05611392056829605, 0.04083139083704168, -0.05611392056829605, -0.11737033823389709, -0.12571870315581274
551, 78.68442582884276, 0.02020485444543485, -0.054571717118463425, -0.07232033449170662, -0.18361531929321728, -0.0723203344917066, -0.054571717118463425, 0.020204854445434864
552, 78.72209276744006, 0.038143301590823686, -0.025413590222278515, -0.011028157723031121, 0.14594838069592697, -0.011028157723031128, -0.025413590222278515, 0.0381433015908237
553, 78.71084067230379, -0.011885451392706761, 0.016904778521173117, 0.058205998887731765, -0.13469628555965585, 0.05820599888773177, 0.01690477852117311, -0.011885451392706754
554, 78.69332306713869, -0.056086590411437896, 0.03666568535854964, -0.04764864277680807, 0.15221389072475944, -0.04764864277680806, 0.03666568535854964, -0.05608659041143789
555, 78.6737427199707, -0.06376075652977228, 6.128266439304742E-4, 0.04054235938146699, -0.13263354355678558, 0.04054235938146697, 6.128266439304763E-4, -0.06376075652977231
556, 78.650018942506, -0.031279632972817537, -0.017085338190575783, 0.026668679377567225, 0.15635732102149547, 0.026668679377567225, -0.017085338190575783, -0.03127963297281756
557, 78.68943627980268, 0.07112071931706987, 0.023110950820779408, -0.0824060564818877, -0.19577465831817165, -0.0824060564818877, 0.023110950820779408, 0.07112071931706987
558, 78.72614302168597, 0.11839776760101761, -0.0223319991061004, 0.024498159923179608, 0.1590679164348714, 0.024498159923179608, -0.022331999106100394, 0.11839776760101761
559, 78.69976608589245, 0.040960957329162904, -0.05981769270407966, 0.02970499474856572, -0.13269098064134255, 0.02970499474856573, -0.05981769270407966, 0.04096095732916291
560, 78.71975250599212, -0.01996075724068475, 0.04870893489962924, -0.05426296375741731, 0.11270456054167255, -0.05426296375741729, 0.04870893489962924, -0.01996075724068473
561, 78.6935239802452, -0.10772251945001768, 0.03983127260440966, 0.045594372848235004, -0.08647603479474952, 0.045594372848235004, 0.03983127260440966, -0.10772251945001768
562, 78.73763986455064, -0.07495872404118728, -0.02248040915270977, -0.015183331895959357, 0.04236015048930142, -0.015183331895959336, -0.022480409152709765, -0.0749587240411873
563, 78.76724301711921, -0.021468419086932512, -0.08394715690985777, -0.08917037319013611, -0.07196330305787058, -0.08917037319013613, -0.08394715690985777, -0.02146841908693252
564, 78.83074441123392, 0.05989690843049441, -0.007122743415852283, 0.06678386406144302, 0.008461908943154128, 0.06678386406144302, -0.007122743415852285, 0.05989690843049442
565, 78.83398848428422, 0.0449679512713671, 0.02044576279514132, -0.07107157328048419, -0.01170598199344397, -0.07107157328048419, 0.02044576279514132, 0.04496795127136711
566, 79.12344408860008, 0.2051293257435123, 0.0038786703655588704, -0.17419357494348628, -0.2777496223224247, -0.17419357494348622, 0.0038786703655589085, 0.20512932574351236
567, 79.1279025968731, -0.04117423964648664, -0.30990136711101, 0.024810243694118817, 0.27329111404940676, 0.024810243694118796, -0.30990136711101, -0.0411742396464866
568, 78.44448465599373, -0.7510664625253396, -0.008337178638576798, 0.6178975439328119, 0.41012682682995916, 0.6178975439328118, -0.00833717863857692, -0.7510664625253397
569, 79.03301658036777, 0.07857871764857971, 0.9933193079903759, -0.6313863042712037, -0.9986587512039904, -0.6313863042712035, 0.9933193079903759, 0.07857871764857971
570, 78.42671131365194, -0.155060939200067, -0.5801947457354544, 0.1152081718540052, 1.6049640179198263, 0.11520817185400492, -0.5801947457354544, -0.15506093920006717
571, 76.67128183866903, -0.9328388197989437, -0.38701404127454336, 2.316038697510047, 0.15046545706307768, 2.316038697510047, -0.3870140412745437, -0.9328388197989439
572, 85.02171729138725, 6.495906638192803, 2.335624220718358, -7.539801568348336, -8.500900909781294, -7.539801568348334, 2.335624220718359, 6.495906638192805
573, 86.42515817111017, 2.7613851977689006, -7.963421411443672, -0.9959670777146082, 7.097460030058372, -0.9959670777146096, -7.963421411443672, 2.7613851977689015
574, 86.66763550291364, -3.822701754692381, -3.73906510044128, 7.373413472004254, -7.33993736186185, 7.373413472004255, -3.7390651004412807, -3.82270175469238
575, 88.64547419045337, -7.011436047913334, 7.720944079640198, -11.072634735234205, 5.362098674322134, -11.072634735234203, 7.720944079640198, -7.0114360479133335
576, 88.62193860984934, -8.087447052162254, 1.7612264129015673, 6.32446022287194, -5.338563093718108, 6.324460222871938, 1.7612264129015682, -8.087447052162256
577, 88.71820848696363, -4.334332594693294, -7.697408499036172, 2.083959811032056, 5.242293216603812, 2.083959811032057, -7.697408499036172, -4.3343325946932945
578, 92.51970050100488, 4.549566017552012, -1.857496290015863, -12.055955109943314, -9.043785230645064, -12.055955109943314, -1.8574962900158634, 4.549566017552012
579, 103.09291415376921, 14.443289618389688, 3.89591648499492, 3.6878523259659035, -1.5294284221192598, 3.6878523259659053, 3.895916484994921, 14.443289618389691
580, 96.36912514104031, 0.5486795871246797, -8.715717362748464, 1.0217674879370486, 8.25321743484816, 1.0217674879370484, -8.715717362748464, 0.5486795871246812
581, 98.7233627089266, -5.27885314337527, 2.8278725277339807, -0.07375810104599667, -10.607455002734461, -0.07375810104599534, 2.82787252773398, -5.278853143375269
582, 100.79733006883605, -8.901826479996604, 6.361479794862163, -4.738211733140743, 8.533487642825023, -4.738211733140743, 6.361479794862163, -8.901826479996604
583, 98.59366738728, -10.942422780013331, -4.901839887643419, 6.258858861115536, -6.329824961268969, 6.2588588611155345, -4.901839887643419, -10.942422780013333
584, 98.62253515750068, -4.349020943081722, -4.157817113306113, -1.9299012677526077, 6.300957191048283, -1.9299012677526073, -4.157817113306113, -4.349020943081724
585, 100.00162202391309, 5.73827228412736, 4.87297211742273, -4.533595759524975, -7.680044057460691, -4.533595759524976, 4.87297211742273, 5.738272284127359
